Year,Column,Energy_consumption_Mtoe,Population_000,Percent,Per_capita_energy_consumption
1820,Western Europe,73.8,138951,19.01,0.000531122482026038
1820,Eastern Europe,39.429,91222,10.16,0.00043223126000306946
1820,North America,27.354,10427,7.05,0.002623381605447396
1820,Latin America,7.798,20792,2.01,0.0003750480954213159
1820,Oceania,1.142,1624,0.29,0.0007032019704433497
1820,Asia,200.014,685253,51.53,0.0002918834357529263
1820,Middle East,7.186,25000,1.85,0.00028743999999999997
1820,Africa,31.423,74000,8.1,0.0004246351351351351
1820,World,388.145,1047270,100.0,0.00037062553114287623
1821,Western Europe,74.333,140431,19.58,0.0005293204491885695
1821,Eastern Europe,39.794,92008,10.26,0.00043250586905486477
1821,North America,28.257,10748,9.05,0.002629047264607369
1821,Latin America,7.895,21052,2.1,0.0003750237507125214
1821,Oceania,1.142,1621,0.28,0.0007045033929673041
1821,Asia,200.665,687489,49.16,0.00029188103373290337
1821,Middle East,7.213,25095,1.78,0.0002874277744570632
1821,Africa,31.547,74284,7.78,0.00042468095417586563
1821,World,390.847,1052728,100.0,0.00037127064160922857
1822,Western Europe,74.849,141918,21.25,0.0005274101946194282
1822,Eastern Europe,40.163,92801,10.2,0.0004327862846305535
1822,North America,29.188,11078,11.18,0.002634771619425889
1822,Latin America,7.994,21316,2.19,0.00037502345655845374
1822,Oceania,1.144,1620,0.3,0.0007061728395061728
1822,Asia,201.318,689732,45.91,0.0002918785847256616
1822,Middle East,7.24,25190,1.67,0.00028741564112743154
1822,Africa,31.672,74568,7.31,0.0004247398347816758
1822,World,393.568,1058224,100.0,0.000371913696911051
1823,Western Europe,75.961,143423,22.58,0.0005296291389804982
1823,Eastern Europe,40.61,93601,10.03,0.0004338628860802769
1823,North America,30.289,11472,14.05,0.0026402545327754534
1823,Latin America,8.095,21585,2.3,0.0003750289552930276
1823,Oceania,1.147,1621,0.35,0.0007075879086983343
1823,Asia,201.973,691983,42.35,0.00029187566746581925
1823,Middle East,7.268,25285,1.55,0.00028744314811152854
1823,Africa,31.796,74854,6.8,0.0004247735591952334
1823,World,397.138,1063824,100.0,0.00037331175081592444
1824,Western Europe,77.39,144946,25.35,0.0005339229782125758
1824,Eastern Europe,40.976,94409,9.89,0.00043402641697295807
1824,North America,31.462,11878,17.19,0.002648762417915474
1824,Latin America,8.197,21858,2.46,0.0003750114374599689
1824,Oceania,1.152,1625,0.59,0.0007089230769230768
1824,Asia,202.63,694240,36.9,0.0002918731274487209
1824,Middle East,7.296,25381,1.42,0.0002874591229659982
1824,Africa,31.922,75141,6.21,0.00042482799004538136
1824,World,401.025,1069477,100.0,0.00037497300082189704
1825,Western Europe,77.583,146451,28.14,0.0005297539791466087
1825,Eastern Europe,41.343,95223,10.6,0.00043417031599508524
1825,North America,32.653,12295,18.7,0.002655795038633591
1825,Latin America,8.301,22135,2.21,0.00037501694149536934
1825,Oceania,1.157,1627,0.73,0.0007111247695144437
1825,Asia,203.289,696506,32.59,0.00029186970392214854
1825,Middle East,7.323,25477,1.33,0.00028743572634140597
1825,Africa,32.048,75429,5.71,0.0004248763738084822
1825,World,403.697,1075142,100.0,0.00037548249440539017
1826,Western Europe,78.843,147916,29.89,0.0005330255009600044
1826,Eastern Europe,41.661,96045,10.86,0.0004337654224582227
1826,North America,33.808,12661,20.41,0.0026702472158597265
1826,Latin America,8.407,22417,2.07,0.00037502788062631037
1826,Oceania,1.159,1625,0.94,0.0007132307692307693
1826,Asia,203.95,698778,29.35,0.0002918666586526765
1826,Middle East,7.351,25573,1.21,0.0002874516091189927
1826,Africa,32.174,75718,5.26,0.00042491877756940224
1826,World,407.353,1080733,100.0,0.000376922884745816
1827,Western Europe,79.94,149355,30.78,0.0005352348431589167
1827,Eastern Europe,42.046,96875,10.92,0.0004340232258064516
1827,North America,35.026,13025,23.36,0.002689136276391555
1827,Latin America,8.514,22703,2.14,0.0003750165176408404
1827,Oceania,1.162,1624,1.07,0.0007155172413793102
1827,Asia,204.614,701058,25.97,0.0002918645818177669
1827,Middle East,7.379,25670,1.09,0.00028745617452278924
1827,Africa,32.301,76009,4.69,0.0004249628333486824
1827,World,410.982,1086318,100.0,0.0003783256836395973
1828,Western Europe,80.856,150754,31.43,0.000536343977605901
1828,Eastern Europe,42.373,97711,11.69,0.0004336563948787751
1828,North America,35.971,13359,25.01,0.0026926416647952687
1828,Latin America,8.624,22994,2.3,0.00037505436200748024
1828,Oceania,1.165,1622,1.11,0.000718249075215783
1828,Asia,205.28,703346,23.49,0.0002918620422949729
1828,Middle East,7.407,25767,0.96,0.0002874607055536151
1828,Africa,32.428,76300,4.02,0.0004250065530799475
1828,World,414.104,1091853,100.0,0.0003792671724124035
1829,Western Europe,81.372,152015,28.8,0.0005352892806630925
1829,Eastern Europe,42.687,98556,10.67,0.00043312431511019115
1829,North America,36.99,13690,31.67,0.0027019722425127833
1829,Latin America,8.735,23290,2.79,0.0003750536711034779
1829,Oceania,1.171,1623,1.13,0.0007215033887861984
1829,Asia,205.948,705640,20.42,0.0002918598718893487
1829,Middle East,7.435,25865,0.78,0.0002874540885366325
1829,Africa,32.556,76592,3.73,0.0004250574472529768
1829,World,416.894,1097270,100.0,0.0003799374812033501
1830,Western Europe,82.313,153072,25.34,0.0005377404097418209
1830,Eastern Europe,43.131,99408,7.99,0.0004338785610816031
1830,North America,38.046,14028,36.29,0.002712147134302823
1830,Latin America,8.847,23590,2.85,0.00037503179313268334
1830,Oceania,1.196,1628,1.0,0.0007346437346437346
1830,Asia,206.618,707943,21.69,0.00029185683028153396
1830,Middle East,7.464,25962,0.8,0.00028749711116246823
1830,Africa,32.684,76886,4.04,0.0004250968967042114
1830,World,420.299,1102518,100.0,0.0003812173588095614
1831,Western Europe,83.515,154325,26.12,0.0005411631297586263
1831,Eastern Europe,43.439,100268,9.22,0.0004332289464235848
1831,North America,39.275,14451,34.37,0.002717804996194035
1831,Latin America,8.962,23895,3.22,0.00037505754341912533
1831,Oceania,1.207,1628,0.83,0.0007414004914004914
1831,Asia,207.284,710253,21.09,0.0002918453001958457
1831,Middle East,7.492,26061,0.83,0.0002874793753117685
1831,Africa,32.813,77181,4.33,0.0004251434938650704
1831,World,423.988,1108061,100.0,0.0003826395839218238
1832,Western Europe,84.904,155440,23.23,0.0005462171899125064
1832,Eastern Europe,43.888,101135,14.14,0.0004339546151184061
1832,North America,40.821,14902,31.6,0.0027392967386927927
1832,Latin America,9.078,24206,3.47,0.0003750309840535404
1832,Oceania,1.217,1631,0.89,0.0007461679950950338
1832,Asia,207.953,712570,20.93,0.0002918351881218687
1832,Middle East,7.521,26159,1.15,0.00028751099048128753
1832,Africa,32.943,77476,4.6,0.00042520264339924617
1832,World,428.325,1113520,100.0,0.00038465856024139664
1833,Western Europe,85.965,156587,19.83,0.0005489919341963254
1833,Eastern Europe,44.274,102010,13.48,0.0004340162729144202
1833,North America,42.234,15354,35.99,0.0027506838608831576
1833,Latin America,9.197,24521,4.14,0.0003750662697279882
1833,Oceania,1.232,1639,1.0,0.0007516778523489933
1833,Asia,208.624,714895,19.24,0.0002918246735534589
1833,Middle East,7.549,26258,1.2,0.00028749333536446037
1833,Africa,33.073,77773,5.11,0.0004252504082393633
1833,World,432.148,1119039,100.0,0.0003861777829012215
1834,Western Europe,87.267,157713,18.35,0.0005533278803903293
1834,Eastern Europe,44.691,102893,18.04,0.0004343444160438514
1834,North America,43.534,15807,32.02,0.002754096286455368
1834,Latin America,9.317,24841,4.41,0.0003750654160460529
1834,Oceania,1.244,1642,1.03,0.0007576126674786845
1834,Asia,209.297,717228,19.89,0.000291813760756691
1834,Middle East,7.578,26358,1.52,0.0002875028454359208
1834,Africa,33.203,78072,4.74,0.0004252869146428938
1834,World,436.131,1124554,100.0,0.00038782575136454096
1835,Western Europe,89.578,159107,18.87,0.0005630047703746536
1835,Eastern Europe,45.102,103785,17.96,0.0004345714698655875
1835,North America,45.115,16263,31.56,0.002774088421570436
1835,Latin America,9.442,25167,3.96,0.0003751738387571026
1835,Oceania,1.257,1644,1.06,0.0007645985401459854
1835,Asia,209.973,719568,20.98,0.0002918042492161964
1835,Middle East,7.607,26457,1.56,0.00028752315077295237
1835,Africa,33.334,78371,4.06,0.00042533590231080376
1835,World,441.407,1130361,100.0,0.00039050091077098376
1836,Western Europe,90.549,160372,17.17,0.0005646185119596937
1836,Eastern Europe,45.549,104684,20.06,0.0004351094723166864
1836,North America,46.485,16719,27.93,0.0027803696393324958
1836,Latin America,9.581,25498,4.88,0.00037575496117342536
1836,Oceania,1.274,1651,1.11,0.0007716535433070867
1836,Asia,210.65,721916,22.24,0.0002917929509804465
1836,Middle East,7.636,26558,2.07,0.00028752165072671134
1836,Africa,33.465,78671,4.54,0.0004253791104727282
1836,World,445.189,1136068,100.0,0.00039186826844871966
1837,Western Europe,92.117,161658,15.16,0.0005698264236845687
1837,Eastern Europe,45.974,105591,18.91,0.00043539695617997743
1837,North America,47.919,17177,25.2,0.0027897188100366767
1837,Latin America,9.723,25834,5.16,0.00037636448091662154
1837,Oceania,1.291,1655,1.14,0.000780060422960725
1837,Asia,211.33,724271,25.9,0.00029178304805797833
1837,Middle East,7.665,26658,3.21,0.00028753094755795634
1837,Africa,33.597,78973,5.32,0.00042542387904726935
1837,World,449.615,1141817,100.0,0.0003937715062921642
1838,Western Europe,94.177,162903,14.72,0.0005781170389741135
1838,Eastern Europe,46.433,106506,11.25,0.000435966048861097
1838,North America,49.133,17637,25.85,0.0027857912343369055
1838,Latin America,9.868,26177,5.95,0.00037697215112503344
1838,Oceania,1.315,1668,1.23,0.0007883693045563549
1838,Asia,212.011,726634,30.86,0.00029177137320852037
1838,Middle East,7.694,26759,4.37,0.0002875294293508726
1838,Africa,33.73,79275,5.76,0.00042548092084515924
1838,World,454.36,1147560,100.0,0.0003959357244937084
1839,Western Europe,96.015,164248,11.88,0.0005845733281379377
1839,Eastern Europe,46.905,107430,9.43,0.0004366098855068417
1839,North America,50.546,18098,20.45,0.0027929052934025857
1839,Latin America,10.017,26525,6.1,0.00037764373232799245
1839,Oceania,1.343,1681,1.12,0.0007989292088042832
1839,Asia,212.695,729005,39.32,0.00029176068751243133
1839,Middle East,7.723,26860,5.63,0.00028752792256142964
1839,Africa,33.863,79579,6.07,0.0004255268349690245
1839,World,459.108,1153428,100.0,0.00039803784891644735
1840,Western Europe,98.743,165565,9.27,0.0005964002053574125
1840,Eastern Europe,47.416,108362,8.09,0.00043757036599545966
1840,North America,51.943,18577,18.71,0.0027960919416482747
1840,Latin America,10.17,26879,5.64,0.0003783622902637747
1840,Oceania,1.372,1697,1.06,0.000808485562757808
1840,Asia,213.382,731384,44.44,0.0002917509817004474
1840,Middle East,7.752,26962,6.52,0.00028751576292559896
1840,Africa,33.996,79884,6.27,0.00042556707225476946
1840,World,464.775,1159310,100.0,0.0004009065737378268
1841,Western Europe,100.667,166904,,0.0006031431241911518
1841,Eastern Europe,47.899,109303,,0.00043822218969287213
1841,North America,53.716,19235,,0.002792617624122693
1841,Latin America,10.338,27239,,0.00037952935129777156
1841,Oceania,1.41,1728,,0.0008159722222222222
1841,Asia,214.069,733770,,0.00029173855567820976
1841,Middle East,7.782,27064,,0.0002875406443984629
1841,Africa,34.13,80191,,0.00042560885884949685
1841,World,470.013,1165435,,0.0004032940490031619
1842,Western Europe,102.212,168215,,0.0006076271438337842
1842,Eastern Europe,48.353,110252,,0.00043856800783659256
1842,North America,55.558,19894,,0.0027927013169799938
1842,Latin America,10.525,27606,,0.0003812576976019706
1842,Oceania,1.445,1749,,0.0008261863922241281
1842,Asia,214.759,736164,,0.00029172711515368854
1842,Middle East,7.811,27166,,0.00028752852830744315
1842,Africa,34.265,80498,,0.0004256627493850779
1842,World,474.929,1171545,,0.0004053869036187257
1843,Western Europe,103.133,169484,,0.0006085117179202756
1843,Eastern Europe,48.738,111210,,0.00043825195575937417
1843,North America,57.459,20556,,0.0027952422650321077
1843,Latin America,10.659,27980,,0.00038095067905646895
1843,Oceania,1.477,1760,,0.0008392045454545455
1843,Asia,215.452,738566,,0.0002917166509154226
1843,Middle East,7.841,27269,,0.00028754263082621294
1843,Africa,34.4,80806,,0.00042571096205727297
1843,World,479.159,1177631,,0.00040688382014400097
1844,Western Europe,105.223,170824,,0.0006159731653631809
1844,Eastern Europe,49.269,112176,,0.000439211596063329
1844,North America,59.558,21219,,0.002806824072764975
1844,Latin America,10.827,28361,,0.00038175663763619056
1844,Oceania,1.514,1774,,0.0008534385569334837
1844,Asia,216.146,740976,,0.00029170445466519834
1844,Middle East,7.871,27372,,0.0002875566272102879
1844,Africa,34.536,81116,,0.0004257606390847675
1844,World,484.944,1183818,,0.0004096440500144448
1845,Western Europe,108.434,172219,,0.0006296285543406941
1845,Eastern Europe,49.862,113151,,0.00044066778022288803
1845,North America,61.777,21885,,0.002822801005254741
1845,Latin America,11.002,28749,,0.0003826915718807611
1845,Oceania,1.555,1791,,0.0008682300390843104
1845,Asia,216.843,743394,,0.0002916932340051171
1845,Middle East,7.901,27476,,0.00028756005240937547
1845,Africa,34.672,81427,,0.0004258047085119186
1845,World,492.046,1190091,,0.0004134524166639358
1846,Western Europe,110.679,173473,,0.0006380185965539306
1846,Eastern Europe,50.386,114135,,0.0004414596749463355
1846,North America,63.786,22553,,0.0028282711834345764
1846,Latin America,11.181,29144,,0.0003836467197364809
1846,Oceania,1.598,1806,,0.0008848283499446291
1846,Asia,217.542,745819,,0.00029168203009041066
1846,Middle East,7.931,27580,,0.00028756345177664974
1846,Africa,34.809,81739,,0.00042585546679063847
1846,World,497.911,1196249,,0.0004162268892178802
1847,Western Europe,112.337,173685,,0.0006467858479431154
1847,Eastern Europe,50.846,115128,,0.000441647557501216
1847,North America,65.994,23223,,0.0028417517116651595
1847,Latin America,11.375,29548,,0.0003849668336266414
1847,Oceania,1.647,1824,,0.0009029605263157895
1847,Asia,218.243,748253,,0.00029167006346783776
1847,Middle East,7.961,27684,,0.00028756682560323655
1847,Africa,34.946,82053,,0.000425895457813852
1847,World,503.348,1201397,,0.0004189689170191036
1848,Western Europe,112.307,173280,,0.0006481244228993537
1848,Eastern Europe,51.314,116129,,0.0004418706782974106
1848,North America,68.058,23895,,0.002848210922787194
1848,Latin America,11.569,29961,,0.0003861353092353393
1848,Oceania,1.702,1848,,0.000920995670995671
1848,Asia,218.946,750694,,0.000291658119020533
1848,Middle East,7.991,27789,,0.00028755982583036454
1848,Africa,35.084,82367,,0.0004259472847135382
1848,World,506.97,1205963,,0.0004203860317439258
1849,Western Europe,114.485,173182,,0.0006610675474356457
1849,Eastern Europe,51.657,117140,,0.0004409851459791702
1849,North America,70.513,24753,,0.0028486648083060643
1849,Latin America,11.771,30382,,0.00038743334869330526
1849,Oceania,1.768,1891,,0.0009349550502379693
1849,Asia,219.652,753144,,0.00029164675015667653
1849,Middle East,8.022,27894,,0.0002875887287588729
1849,Africa,35.222,82683,,0.000425988413579575
1849,World,513.09,1211069,,0.0004236670247525121
1850,Western Europe,117.473,173404,,0.0006774526539180181
1850,Eastern Europe,52.169,118161,,0.00044150777329237225
1850,North America,73.096,25666,,0.0028479700771448613
1850,Latin America,11.982,30814,,0.00038884922437852924
1850,Oceania,1.836,1925,,0.0009537662337662338
1850,Asia,220.36,755603,,0.0002916346282373151
1850,Middle East,8.052,28000,,0.00028757142857142854
1850,Africa,35.361,83000,,0.0004260361445783132
1850,World,520.33,1216574,,0.00042770106873893414
1851,Western Europe,120.385,173748,,0.000692871284849322
1851,Eastern Europe,52.669,119282,,0.0004415502758169715
1851,North America,77.359,26820,,0.0028843773303504844
1851,Latin America,12.197,31183,,0.0003911426097553154
1851,Oceania,1.914,1954,,0.0009795291709314227
1851,Asia,219.99,754557,,0.0002915485510040991
1851,Middle East,8.08,28097,,0.0002875751859629142
1851,Africa,35.473,83337,,0.00042565727108007247
1851,World,528.067,1218975,,0.0004332057671404254
1852,Western Europe,124.018,174498,,0.0007107130167681005
1852,Eastern Europe,53.268,120385,,0.0004424803754620592
1852,North America,80.043,27712,,0.002888387702078522
1852,Latin America,12.386,31556,,0.000392508556217518
1852,Oceania,2.043,2025,,0.001008888888888889
1852,Asia,219.62,753511,,0.00029146223479152925
1852,Middle East,8.108,28194,,0.00028757891750017737
1852,Africa,35.584,83675,,0.00042526441589483123
1852,World,535.072,1221557,,0.0004380245866545728
1853,Western Europe,127.473,175237,,0.0007274319921021246
1853,Eastern Europe,53.821,121500,,0.00044297119341563785
1853,North America,83.184,28707,,0.0028976904587731216
1853,Latin America,12.602,31935,,0.00039461405980898703
1853,Oceania,2.168,2107,,0.001028951115329853
1853,Asia,219.251,752468,,0.0002913758458831472
1853,Middle East,8.136,28291,,0.0002875826234491534
1853,Africa,35.697,84014,,0.0004248934701359298
1853,World,542.332,1224259,,0.0004429879625144679
1854,Western Europe,132.046,175912,,0.0007506366819773522
1854,Eastern Europe,54.333,122625,,0.0004430825688073394
1854,North America,86.826,29503,,0.0029429549537335186
1854,Latin America,12.807,32319,,0.00039626844890002785
1854,Oceania,2.325,2197,,0.001058261265361857
1854,Asia,218.883,751425,,0.0002912905479588781
1854,Middle East,8.165,28389,,0.00028761139878121807
1854,Africa,35.809,84355,,0.00042450358603520833
1854,World,551.193,1226726,,0.0004493203861334968
1855,Western Europe,134.607,176081,,0.0007644606743487372
1855,Eastern Europe,55.074,123762,,0.0004449992727977893
1855,North America,89.708,30402,,0.0029507269258601406
1855,Latin America,13.039,32708,,0.00039864864864864866
1855,Oceania,2.503,2291,,0.0010925360104757748
1855,Asia,218.515,750385,,0.00029120384869100525
1855,Middle East,8.193,28487,,0.0002876048723979359
1855,Africa,35.922,84697,,0.00042412364074288344
1855,World,557.562,1228814,,0.00045373994762429467
1856,Western Europe,137.664,176906,,0.0007781759804642012
1856,Eastern Europe,55.765,124911,,0.0004464378637589964
1856,North America,92.065,31303,,0.002941091908123822
1856,Latin America,13.452,33103,,0.00040636800290003925
1856,Oceania,2.671,2370,,0.0011270042194092827
1856,Asia,218.148,749345,,0.00029111824326578543
1856,Middle East,8.221,28586,,0.0002875883299517246
1856,Africa,36.035,85041,,0.0004237367857856798
1856,World,564.021,1231565,,0.0004579709556539849
1857,Western Europe,141.469,177908,,0.0007951806551700879
1857,Eastern Europe,56.384,126071,,0.00044724004727494823
1857,North America,94.105,32206,,0.002921971061292927
1857,Latin America,13.76,33503,,0.00041070948870250423
1857,Oceania,2.881,2459,,0.0011716144774298494
1857,Asia,217.781,748307,,0.00029103162204817005
1857,Middle East,8.25,28684,,0.0002876167898479989
1857,Africa,36.149,85386,,0.00042335980137259035
1857,World,570.778,1234524,,0.0004623466210458444
1858,Western Europe,142.22,178902,,0.0007949603693642329
1858,Eastern Europe,56.53,127243,,0.0004442680540383361
1858,North America,96.002,33110,,0.002899486559951676
1858,Latin America,14.007,33909,,0.00041307617446695565
1858,Oceania,3.086,2536,,0.0012168769716088327
1858,Asia,217.415,747271,,0.0002909453197032937
1858,Middle East,8.279,28783,,0.0002876350623632005
1858,Africa,36.263,85732,,0.00042298091727709607
1858,World,573.8,1237487,,0.0004636816386758002
1859,Western Europe,143.55,180101,,0.0007970527648375079
1859,Eastern Europe,57.542,128426,,0.00044805568965785745
1859,North America,98.752,34017,,0.002903019078695946
1859,Latin America,14.173,34321,,0.00041295416800209785
1859,Oceania,3.243,2578,,0.0012579519006982157
1859,Asia,217.049,746236,,0.00029085838796305725
1859,Middle East,8.307,28883,,0.000287608627912613
1859,Africa,36.378,86080,,0.0004226068773234201
1859,World,578.995,1240642,,0.00046668982671874723
1860,Western Europe,149.013,181210,,0.0008223221676507919
1860,Eastern Europe,58.133,129622,,0.00044848096773695824
1860,North America,101.059,34928,,0.002893352038479157
1860,Latin America,14.482,34738,,0.00041689216420058724
1860,Oceania,3.449,2623,,0.0013149065955013342
1860,Asia,216.947,745202,,0.00029112509091494657
1860,Middle East,8.336,28983,,0.0002876168788600214
1860,Africa,36.493,86429,,0.0004222309641439795
1860,World,587.911,1243735,,0.0004726979621864786
1861,Western Europe,152.279,183127,,0.0008315485974214616
1861,Eastern Europe,59.072,130830,,0.00045151723610792636
1861,North America,101.906,35852,,0.002842407676001339
1861,Latin America,14.723,35162,,0.00041871907172515784
1861,Oceania,3.572,2650,,0.0013479245283018867
1861,Asia,216.563,744170,,0.000291012806213634
1861,Middle East,8.365,29083,,0.00028762507306674
1861,Africa,36.576,86780,,0.00042147960359529847
1861,World,593.057,1247652,,0.0004753384757929295
1862,Western Europe,155.176,184183,,0.0008425098950500317
1862,Eastern Europe,60.086,132049,,0.0004550280577664352
1862,North America,103.422,36736,,0.002815276567944251
1862,Latin America,14.977,35591,,0.00042080863139557753
1862,Oceania,3.628,2692,,0.0013476968796433879
1862,Asia,216.181,743139,,0.00029090250949014924
1862,Middle East,8.394,29183,,0.0002876332111160607
1862,Africa,36.66,87132,,0.00042074094477344715
1862,World,598.524,1250707,,0.0004785485329497636
1863,Western Europe,160.249,185453,,0.000864094945889255
1863,Eastern Europe,61.105,133282,,0.00045846400864332765
1863,North America,106.613,37622,,0.0028337940566689705
1863,Latin America,14.246,36027,,0.0003954256529824854
1863,Oceania,3.784,2750,,0.0013759999999999998
1863,Asia,215.8,742109,,0.00029079286196502134
1863,Middle East,8.423,29284,,0.000287631471110504
1863,Africa,36.744,87485,,0.00042000342915928445
1863,World,606.963,1254013,,0.0004840165133854274
1864,Western Europe,165.548,186657,,0.0008869102149932764
1864,Eastern Europe,62.047,134526,,0.00046122682604106266
1864,North America,108.847,38508,,0.0028266074581905056
1864,Latin America,14.344,36469,,0.00039332035427349255
1864,Oceania,3.901,2822,,0.0013823529411764704
1864,Asia,215.42,741082,,0.00029068308230398255
1864,Middle East,8.453,29385,,0.0002876637740343713
1864,Africa,36.828,87840,,0.00041926229508196727
1864,World,615.39,1257290,,0.0004894574839535827
1865,Western Europe,169.823,187871,,0.0009039340824289007
1865,Eastern Europe,63.271,135784,,0.0004659680080127261
1865,North America,109.891,39395,,0.0027894656682320093
1865,Latin America,14.379,36917,,0.0003894953544437522
1865,Oceania,4.07,2896,,0.0014053867403314919
1865,Asia,215.043,740055,,0.0002905770517056165
1865,Middle East,8.526,29487,,0.00028914436870485297
1865,Africa,36.913,88196,,0.0004185337203501292
1865,World,621.916,1260601,,0.0004933488074339145
1866,Western Europe,172.741,188790,,0.0009149902007521586
1866,Eastern Europe,64.228,137054,,0.00046863280166941496
1866,North America,113.155,40283,,0.0028090013156914827
1866,Latin America,14.513,37372,,0.00038833886332013273
1866,Oceania,4.117,2958,,0.0013918187964841108
1866,Asia,214.667,739030,,0.00029047129345222795
1866,Middle East,8.573,29589,,0.0002897360505593295
1866,Africa,36.998,88554,,0.0004178015674051991
1866,World,628.992,1263629,,0.0004977663538902636
1867,Western Europe,175.284,189847,,0.0009232908605350624
1867,Eastern Europe,65.647,138337,,0.00047454404823004694
1867,North America,114.233,41171,,0.0027745986252459254
1867,Latin America,14.402,37834,,0.0003806628958080034
1867,Oceania,4.324,3009,,0.0014370222665337322
1867,Asia,214.292,738006,,0.00029036620298479956
1867,Middle East,8.608,29691,,0.00028991950422687014
1867,Africa,37.083,88913,,0.00041707061959443497
1867,World,633.874,1266809,,0.0005003706162491742
1868,Western Europe,177.729,190738,,0.0009317964957166376
1868,Eastern Europe,66.971,139633,,0.0004796215794260669
1868,North America,117.347,42057,,0.002790189504719785
1868,Latin America,14.454,38302,,0.00037736932797242966
1868,Oceania,4.448,3076,,0.0014460338101430431
1868,Asia,213.923,736984,,0.00029026817407162164
1868,Middle East,8.622,29794,,0.00028938712492448146
1868,Africa,37.169,89274,,0.00041634742478213136
1868,World,640.663,1269858,,0.0005045154655087419
1869,Western Europe,182.123,190097,,0.0009580529939978011
1869,Eastern Europe,68.135,140942,,0.00048342580636006303
1869,North America,120.516,42950,,0.0028059604190919674
1869,Latin America,14.447,38777,,0.00037256621192975213
1869,Oceania,4.598,3142,,0.0014633991088478676
1869,Asia,213.554,735963,,0.0002901694786286811
1869,Middle East,8.679,29897,,0.0002902966852861491
1869,Africa,37.255,89636,,0.0004156254183586952
1869,World,649.308,1271405,,0.0005107011534483504
1870,Western Europe,184.058,191181,,0.0009627421134945418
1870,Eastern Europe,69.348,142229,,0.00048757988877092575
1870,North America,122.324,43866,,0.00278858341312178
1870,Latin America,14.436,39258,,0.00036772122879413115
1870,Oceania,4.778,3184,,0.0015006281407035174
1870,Asia,213.185,734943,,0.0002900701142809715
1870,Middle East,8.677,30000,,0.00028923333333333333
1870,Africa,37.343,90000,,0.00041492222222222225
1870,World,654.149,1274661,,0.0005131944885738248
1871,Western Europe,189.555,191663,,0.0009890015287248974
1871,Eastern Europe,71.567,143726,,0.0004979405257225553
1871,North America,125.013,44787,,0.002791278719271217
1871,Latin America,14.102,39861,,0.00035377938335716614
1871,Oceania,4.792,3095,,0.0015483037156704361
1871,Asia,214.341,738440,,0.0002902619034721846
1871,Middle East,8.75,30210,,0.0002896391923204237
1871,Africa,37.646,90604,,0.00041550041940753167
1871,World,665.767,1282387,,0.0005191623121569386
1872,Western Europe,197.55,192511,,0.001026175127655043
1872,Eastern Europe,72.739,145241,,0.0005008158853216379
1872,North America,132.644,45890,,0.002890477228154282
1872,Latin America,14.666,40476,,0.0003623381757090622
1872,Oceania,4.948,3151,,0.0015702951443986037
1872,Asia,215.503,741955,,0.00029045292504262384
1872,Middle East,8.824,30422,,0.000290053250936822
1872,Africa,37.952,91212,,0.00041608560277156515
1872,World,684.827,1290858,,0.0005305207854000982
1873,Western Europe,205.982,193818,,0.0010627599087804022
1873,Eastern Europe,74.155,146772,,0.0005052394189627449
1873,North America,137.289,47000,,0.002921042553191489
1873,Latin America,14.64,41103,,0.0003561783811400628
1873,Oceania,5.162,3209,,0.0016086008102212527
1873,Asia,216.672,745485,,0.00029064568703595647
1873,Middle East,8.884,30636,,0.0002899856378117248
1873,Africa,38.261,91824,,0.0004166775570656909
1873,World,701.045,1299848,,0.0005393284445565943
1874,Western Europe,201.708,195229,,0.001033186667964288
1874,Eastern Europe,75.737,148321,,0.0005106289736449996
1874,North America,136.721,48107,,0.002842018833018064
1874,Latin America,15.248,41743,,0.0003652828019069065
1874,Oceania,5.355,3289,,0.001628154454241411
1874,Asia,218.005,749033,,0.0002910485919845988
1874,Middle East,8.951,30851,,0.0002901364623513014
1874,Africa,38.572,92440,,0.0004172652531371701
1874,World,700.298,1309013,,0.0005349816999525597
1875,Western Europe,208.118,196757,,0.001057741274770402
1875,Eastern Europe,76.591,149887,,0.0005109916136823073
1875,North America,138.23,49199,,0.0028096099514217767
1875,Latin America,15.215,42394,,0.00035889512666886824
1875,Oceania,5.533,3376,,0.0016389218009478675
1875,Asia,219.465,752598,,0.00029160986343306785
1875,Middle East,9.041,31067,,0.0002910161908134033
1875,Africa,38.886,93061,,0.00041785495535186603
1875,World,711.08,1318339,,0.0005393756840994616
1876,Western Europe,209.275,198373,,0.0010549570758117285
1876,Eastern Europe,78.148,151471,,0.0005159271411689366
1876,North America,138.191,50296,,0.00274755447749324
1876,Latin America,15.31,43070,,0.00035546784304620385
1876,Oceania,5.767,3454,,0.0016696583671105966
1876,Asia,220.647,756179,,0.00029179202278825514
1876,Middle East,9.082,31285,,0.00029029886527089663
1876,Africa,39.202,93685,,0.0004184447883866147
1876,World,715.622,1327814,,0.0005389474730647516
1877,Western Europe,208.992,200050,,0.0010446988252936764
1877,Eastern Europe,78.308,153072,,0.0005115762516985471
1877,North America,142.592,51389,,0.0027747572437681217
1877,Latin America,15.619,43759,,0.0003569322882149958
1877,Oceania,6.007,3532,,0.0017007361268403171
1877,Asia,221.813,759778,,0.00029194448904811665
1877,Middle East,9.196,31505,,0.0002918901761625139
1877,Africa,39.521,94314,,0.00041903641028903454
1877,World,722.048,1337399,,0.0005398897412066257
1878,Western Europe,210.079,201740,,0.001041335382175077
1878,Eastern Europe,80.209,154692,,0.0005185077444211725
1878,North America,141.868,52482,,0.0027031744217064896
1878,Latin America,15.948,44462,,0.00035868831811434484
1878,Oceania,6.358,3612,,0.0017602436323366556
1878,Asia,223.173,763393,,0.00029234352423980833
1878,Middle East,9.224,31726,,0.0002907394565971128
1878,Africa,39.843,94947,,0.00041963411166229584
1878,World,726.702,1347055,,0.0005394746316965529
1879,Western Europe,212.626,203408,,0.001045317784944545
1879,Eastern Europe,81.924,156331,,0.0005240419366600355
1879,North America,150.495,53585,,0.002808528506111785
1879,Latin America,15.764,45179,,0.0003489231722703026
1879,Oceania,6.709,3699,,0.0018137334414706676
1879,Asia,224.542,767026,,0.000292743661883691
1879,Middle East,9.228,31948,,0.00028884437210467006
1879,Africa,40.167,95584,,0.0004202272346836291
1879,World,741.454,1356760,,0.0005464886936525251
1880,Western Europe,229.938,204833,,0.0011225632588498923
1880,Eastern Europe,83.534,157987,,0.0005287397064315419
1880,North America,157.012,54713,,0.002869738453384022
1880,Latin America,15.942,45911,,0.00034723704558820327
1880,Oceania,7.265,3791,,0.0019163809021366393
1880,Asia,225.796,770676,,0.00029298434102009144
1880,Middle East,9.296,32172,,0.000288946910356832
1880,Africa,40.494,96226,,0.0004208218153097915
1880,World,769.276,1366310,,0.000563031815620174
1881,Western Europe,237.407,206162,,0.0011515555728019713
1881,Eastern Europe,84.615,159663,,0.0005299599782040924
1881,North America,159.604,56068,,0.0028466148248555328
1881,Latin America,16.671,46657,,0.00035730972844374905
1881,Oceania,7.365,3878,,0.0018991748323878288
1881,Asia,226.954,774344,,0.0002930919591292759
1881,Middle East,9.373,32398,,0.0002893079819741959
1881,Africa,40.755,96872,,0.00042070980262614584
1881,World,782.743,1376041,,0.0005688369750610629
1882,Western Europe,242.978,207427,,0.0011713904168695493
1882,Eastern Europe,85.833,161357,,0.0005319446940634741
1882,North America,166.247,57402,,0.002896188286122435
1882,Latin America,17.319,47419,,0.0003652333452835361
1882,Oceania,7.667,3968,,0.0019322076612903224
1882,Asia,228.115,778029,,0.00029319601197384674
1882,Middle East,9.429,32625,,0.0002890114942528736
1882,Africa,41.018,97522,,0.0004206025307110191
1882,World,798.606,1385750,,0.000576298755186722
1883,Western Europe,251.09,208654,,0.0012033797578766762
1883,Eastern Europe,88.399,163071,,0.0005420890287052879
1883,North America,172.147,58741,,0.0029306106467373726
1883,Latin America,17.609,48197,,0.0003653546901259415
1883,Oceania,8.066,4082,,0.0019759921607055368
1883,Asia,229.279,781731,,0.00029329654318429227
1883,Middle East,9.497,32854,,0.0002890667803007244
1883,Africa,41.282,98176,,0.0004204897327249022
1883,World,817.368,1395507,,0.000585714009317044
1884,Western Europe,249.276,210078,,0.0011865878388027304
1884,Eastern Europe,89.519,164804,,0.0005431846314409845
1884,North America,176.046,60082,,0.0029300955361006623
1884,Latin America,17.912,48990,,0.0003656256378852827
1884,Oceania,8.405,4211,,0.001995962954167656
1884,Asia,230.561,785452,,0.00029353926146982886
1884,Middle East,9.567,33084,,0.00028917301414581065
1884,Africa,41.548,98835,,0.00042037739667121973
1884,World,822.834,1405536,,0.0005854236390956902
1885,Western Europe,249.519,211420,,0.0011802052785923754
1885,Eastern Europe,91.177,166557,,0.0005474222038101071
1885,North America,177.402,61416,,0.00288853067604533
1885,Latin America,18.25,49799,,0.0003664732223538625
1885,Oceania,8.76,4316,,0.0020296570898980537
1885,Asia,231.805,789189,,0.0002937255841122976
1885,Middle East,9.639,33317,,0.0002893117627637542
1885,Africa,41.816,99498,,0.0004202697541659129
1885,World,828.368,1415514,,0.0005852065044923611
1886,Western Europe,249.152,212880,,0.0011703870725291244
1886,Eastern Europe,92.053,168330,,0.0005468603338679974
1886,North America,181.033,62744,,0.002885263929618768
1886,Latin America,17.884,50596,,0.0003534666772076844
1886,Oceania,8.977,4415,,0.002033295583238958
1886,Asia,233.066,792945,,0.0002939245470997358
1886,Middle East,9.687,33550,,0.0002887332339791356
1886,Africa,42.086,100166,,0.0004201625301998682
1886,World,833.938,1425627,,0.0005849622657258877
1887,Western Europe,256.901,214278,,0.0011989144942551266
1887,Eastern Europe,93.577,170123,,0.0005500549602346537
1887,North America,193.771,64074,,0.0030241751724568466
1887,Latin America,18.28,51422,,0.0003554898681498192
1887,Oceania,9.061,4519,,0.0020050896215976985
1887,Asia,234.512,796719,,0.0002943471914188064
1887,Middle East,9.788,33786,,0.00028970579529982835
1887,Africa,42.357,100838,,0.0004200499811578968
1887,World,858.248,1435759,,0.0005977660596242127
1888,Western Europe,267.209,215664,,0.0012390060464426145
1888,Eastern Europe,96.095,171937,,0.0005588965725818177
1888,North America,206.875,65410,,0.0031627426998929826
1888,Latin America,18.749,52264,,0.00035873641512322054
1888,Oceania,9.489,4621,,0.0020534516338454882
1888,Asia,235.917,800510,,0.0002947083734119499
1888,Middle East,9.861,34023,,0.0002898333480292743
1888,Africa,42.631,101515,,0.0004199477909668522
1888,World,886.827,1445944,,0.0006133204328798349
1889,Western Europe,275.505,217146,,0.00126875466276146
1889,Eastern Europe,98.238,173771,,0.0005653302334681852
1889,North America,203.047,66745,,0.003042130496666417
1889,Latin America,19.604,53124,,0.0003690234169113771
1889,Oceania,9.629,4714,,0.002042638947815019
1889,Asia,237.435,804319,,0.0002952000387905794
1889,Middle East,9.97,34261,,0.0002910014301976008
1889,Africa,42.818,102196,,0.00041897921640768717
1889,World,896.245,1456277,,0.0006154357996452598
1890,Western Europe,284.167,218535,,0.001300327178712792
1890,Eastern Europe,100.791,175627,,0.0005738923969549101
1890,North America,215.638,68081,,0.0031673741572538594
1890,Latin America,19.725,54002,,0.0003652642494722418
1890,Oceania,9.902,4804,,0.002061199000832639
1890,Asia,239.767,808149,,0.00029668662585736046
1890,Middle East,10.028,34502,,0.00029064981740188975
1890,Africa,43.267,102882,,0.0004205497560311814
1890,World,923.285,1466582,,0.0006295488421377052
1891,Western Europe,289.526,219926,,0.0013164700853923593
1891,Eastern Europe,103.441,177515,,0.0005827169534968876
1891,North America,222.154,69445,,0.0031989920080639353
1891,Latin America,20.422,54897,,0.00037200575623440264
1891,Oceania,10.552,4898,,0.0021543487137607184
1891,Asia,246.14,812709,,0.0003028636326163485
1891,Middle East,10.112,34744,,0.0002910430577941515
1891,Africa,43.588,103573,,0.00042084326996417987
1891,World,945.934,1477705,,0.000640137239841511
1892,Western Europe,287.255,221401,,0.0012974421976413837
1892,Eastern Europe,104.08,179424,,0.0005800784733369003
1892,North America,228.143,70805,,0.003222131205423346
1892,Latin America,21.038,55809,,0.00037696428891397443
1892,Oceania,10.505,4984,,0.0021077447833065814
1892,Asia,247.719,817295,,0.0003030961892584685
1892,Middle East,10.187,34987,,0.00029116528996484404
1892,Africa,44.012,104268,,0.0004221045766678175
1892,World,952.94,1488973,,0.0006399981732375269
1893,Western Europe,275.307,222862,,0.001235324999326938
1893,Eastern Europe,107.715,181355,,0.0005939455763557663
1893,North America,229.183,72162,,0.003175951331725839
1893,Latin America,21.391,56742,,0.0003769870642557541
1893,Oceania,10.548,5058,,0.002085409252669039
1893,Asia,249.372,821907,,0.00030340658979665584
1893,Middle East,10.266,35233,,0.00029137456361933415
1893,Africa,44.505,104968,,0.00042398635774712294
1893,World,948.287,1500286,,0.0006320708184972732
1894,Western Europe,297.147,224613,,0.0013229287708191421
1894,Eastern Europe,108.998,183307,,0.0005946199545025559
1894,North America,220.219,73520,,0.0029953618063112077
1894,Latin America,22.373,57694,,0.0003877872915727806
1894,Oceania,10.766,5132,,0.002097817614964926
1894,Asia,251.595,826544,,0.0003043939584583519
1894,Middle East,10.33,35480,,0.0002911499436302142
1894,Africa,44.761,105672,,0.00042358429858429863
1894,World,966.19,1511963,,0.0006390301879080375
1895,Western Europe,301.152,226328,,0.0013305998374041213
1895,Eastern Europe,112.704,185282,,0.0006082835893394933
1895,North America,233.343,74877,,0.0031163508153371528
1895,Latin America,22.843,58665,,0.00038938038012443534
1895,Oceania,10.3,5206,,0.001978486361890127
1895,Asia,253.244,831208,,0.00030466982993426436
1895,Middle East,10.399,35729,,0.00029105208654034534
1895,Africa,45.215,106381,,0.000425028905537643
1895,World,989.2,1523676,,0.0006492193878488603
1896,Western Europe,310.831,228234,,0.0013618961241532814
1896,Eastern Europe,115.182,187278,,0.0006150321981225771
1896,North America,233.749,76235,,0.0030661638355086247
1896,Latin America,23.491,59656,,0.00039377430602118815
1896,Oceania,11.257,5278,,0.002132815460401667
1896,Asia,255.798,835898,,0.0003060158057562047
1896,Middle East,10.496,35980,,0.00029171762090050027
1896,Africa,45.664,107095,,0.00042638778654465663
1896,World,1006.469,1535655,,0.0006554004642969939
1897,Western Europe,321.007,230257,,0.0013941248257381968
1897,Eastern Europe,119.121,189297,,0.0006292809711722848
1897,North America,240.099,77593,,0.0030943384068150477
1897,Latin America,23.975,60668,,0.0003951836223379706
1897,Oceania,11.507,5353,,0.00214963571828881
1897,Asia,257.721,840615,,0.00030658624935315214
1897,Middle East,10.534,36232,,0.00029073746964009716
1897,Africa,45.525,107814,,0.000422254994713117
1897,World,1029.487,1547830,,0.0006651163241441244
1898,Western Europe,326.615,232446,,0.001405122049852439
1898,Eastern Europe,124.75,191339,,0.0006519841746847219
1898,North America,254.065,78956,,0.0032178048533360354
1898,Latin America,24.766,61700,,0.0004013938411669368
1898,Oceania,11.808,5420,,0.0021785977859778596
1898,Asia,260.633,845358,,0.00030831079850193645
1898,Middle East,10.673,36486,,0.0002925231595680535
1898,Africa,46.376,108538,,0.00042727892535333244
1898,World,1059.686,1560243,,0.0006791801020738436
1899,Western Europe,344.076,234510,,0.0014672124856082898
1899,Eastern Europe,127.963,193404,,0.0006616357469338793
1899,North America,278.148,80326,,0.003462739337200907
1899,Latin America,25.63,62755,,0.0004084136722173532
1899,Oceania,12.983,5481,,0.0023687283342455757
1899,Asia,262.263,850128,,0.000308498249675343
1899,Middle East,10.794,36742,,0.00029377823743944264
1899,Africa,46.43,109266,,0.00042492632657917376
1899,World,1108.286,1572611,,0.0007047426223013829
1900,Western Europe,356.617,236384,,0.0015086342561256261
1900,Eastern Europe,132.687,195493,,0.0006787301847124962
1900,North America,283.796,81692,,0.0034739754198697547
1900,Latin America,26.044,63832,,0.00040800852237122447
1900,Oceania,12.613,5540,,0.002276714801444043
1900,Asia,266.558,854926,,0.00031179072808640746
1900,Middle East,10.871,37000,,0.00029381081081081083
1900,Africa,45.622,110000,,0.00041474545454545455
1900,World,1134.808,1584867,,0.0007160272754748506
1901,Western Europe,351.518,238470,,0.0014740554367425672
1901,Eastern Europe,135.075,198314,,0.0006811168147483283
1901,North America,299.682,83259,,0.003599394660036753
1901,Latin America,27.153,65045,,0.00041744945806749173
1901,Oceania,13.127,5629,,0.002332030556049032
1901,Asia,271.658,861091,,0.00031548117446355845
1901,Middle East,11.032,37150,,0.00029695827725437413
1901,Africa,46.826,111087,,0.0004215254710272129
1901,World,1156.071,1600044,,0.0007225245055760966
1902,Western Europe,354.966,240586,,0.0014754225100379907
1902,Eastern Europe,134.195,201179,,0.000667042782795421
1902,North America,311.046,84963,,0.0036609582994950743
1902,Latin America,28.091,66191,,0.0004243930443715913
1902,Oceania,13.304,5722,,0.0023250611674239777
1902,Asia,274.306,867300,,0.0003162757984549752
1902,Middle East,11.058,37301,,0.0002964531781989759
1902,Africa,48.161,112185,,0.00042929981726612295
1902,World,1175.128,1615427,,0.0007274411038072287
1903,Western Europe,366.845,242658,,0.0015117778931665142
1903,Eastern Europe,135.63,204090,,0.000664559753050125
1903,North America,349.553,86597,,0.0040365486102289915
1903,Latin America,29.858,67509,,0.00044228176983809566
1903,Oceania,13.227,5810,,0.002276592082616179
1903,Asia,277.127,873554,,0.00031724083456775425
1903,Middle East,11.157,37452,,0.00029790131368151234
1903,Africa,49.416,113293,,0.00043617875773437016
1903,World,1232.813,1630965,,0.0007558794946550049
1904,Western Europe,371.053,244751,,0.001516042835371459
1904,Eastern Europe,139.645,207048,,0.000674457130713651
1904,North America,348.45,88312,,0.003945669897635656
1904,Latin America,31.622,68695,,0.00046032462333503167
1904,Oceania,13.575,5906,,0.0022985099898408397
1904,Asia,280.689,879853,,0.0003190180632446557
1904,Middle East,11.256,37604,,0.0002993298585256888
1904,Africa,50.037,114413,,0.00043733666628792184
1904,World,1246.325,1646581,,0.0007569169084302564
1905,Western Europe,377.064,246747,,0.0015281401597587814
1905,Eastern Europe,139.724,210053,,0.0006651845010544957
1905,North America,378.581,90149,,0.0041995030449589014
1905,Latin America,33.226,69997,,0.00047467748617797907
1905,Oceania,13.831,6009,,0.0023017140955233816
1905,Asia,283.328,886198,,0.0003197118476909223
1905,Middle East,11.361,37757,,0.0003008978467568928
1905,Africa,50.8,115543,,0.00043966315570826445
1905,World,1287.914,1662453,,0.0007747070142734862
1906,Western Europe,401.806,248898,,0.001614340010767463
1906,Eastern Europe,145.984,213105,,0.0006850331995964431
1906,North America,393.288,91867,,0.004281058486725375
1906,Latin America,35.193,71429,,0.0004926990438057371
1906,Oceania,14.739,6114,,0.002410696761530913
1906,Asia,287.348,892588,,0.0003219268016150789
1906,Middle East,11.424,37910,,0.0003013452914798206
1906,Africa,51.702,116685,,0.00044309037151304796
1906,World,1341.484,1678596,,0.0007991702589545071
1907,Western Europe,420.782,250960,,0.001676689512272872
1907,Eastern Europe,153.518,216206,,0.0007100543000656781
1907,North America,444.824,93750,,0.004744789333333333
1907,Latin America,37.133,72965,,0.0005089152333310491
1907,Oceania,15.226,6223,,0.0024467298730515828
1907,Asia,291.325,899025,,0.00032404549372931787
1907,Middle East,11.572,38064,,0.00030401429171920974
1907,Africa,52.852,117838,,0.00044851406167789674
1907,World,1427.233,1695030,,0.0008420104658914591
1908,Western Europe,420.177,253148,,0.0016598077014236732
1908,Eastern Europe,156.671,219357,,0.0007142284039260201
1908,North America,405.425,95680,,0.004237301421404683
1908,Latin America,38.609,74332,,0.0005194129042673411
1908,Oceania,15.822,6341,,0.0024951900331178045
1908,Asia,295.764,905507,,0.0003266280658238976
1908,Middle East,11.643,38218,,0.0003046470249620598
1908,Africa,53.432,119003,,0.00044899708410712336
1908,World,1397.543,1711586,,0.0008165192984752153
1909,Western Europe,424.091,255316,,0.0016610435695373577
1909,Eastern Europe,160.025,222559,,0.0007190228209149035
1909,North America,438.26,97645,,0.004488299452096881
1909,Latin America,39.733,75922,,0.0005233397434208793
1909,Oceania,15.456,6471,,0.0023885025498377377
1909,Asia,298.757,912037,,0.0003275711402059346
1909,Middle East,11.626,38373,,0.00030297344487009096
1909,Africa,54.588,120178,,0.00045422623109054905
1909,World,1442.534,1728501,,0.0008345578047105557
1910,Western Europe,429.765,257477,,0.0016691393794397169
1910,Eastern Europe,159.177,225811,,0.0007049125153336197
1910,North America,472.459,99755,,0.004736193674502532
1910,Latin America,41.617,77573,,0.0005364882111043791
1910,Oceania,16.872,6610,,0.0025524962178517397
1910,Asia,304.737,918614,,0.00033173563651326895
1910,Middle East,11.697,38529,,0.0003035895040099665
1910,Africa,55.671,121366,,0.0004587034260006921
1910,World,1491.996,1745736,,0.0008546515624355573
1911,Western Europe,440.046,259502,,0.0016957325955098612
1911,Eastern Europe,163.138,229060,,0.0007122064088011875
1911,North America,470.155,101441,,0.00463476306424424
1911,Latin America,45.381,79129,,0.0005735065525913382
1911,Oceania,17.094,6779,,0.0025216108570585635
1911,Asia,308.777,925238,,0.00033372710589059244
1911,Middle East,11.804,38685,,0.00030513118779888846
1911,Africa,58.686,122565,,0.0004788153224819484
1911,World,1515.081,1762399,,0.000859669688872951
1912,Western Europe,446.078,261222,,0.0017076586198712205
1912,Eastern Europe,172.218,232363,,0.0007411593067743143
1912,North America,499.888,103092,,0.0048489504520234355
1912,Latin America,46.772,80868,,0.0005783746352079933
1912,Oceania,17.391,6988,,0.0024886949055523753
1912,Asia,315.373,931909,,0.0003384160899830348
1912,Middle East,11.906,38842,,0.00030652386591833585
1912,Africa,57.193,123776,,0.0004620685754912099
1912,World,1566.821,1779061,,0.0008807011114290065
1913,Western Europe,476.422,263085,,0.0018109052207461469
1913,Eastern Europe,177.621,235722,,0.0007535189757426121
1913,North America,528.84,105238,,0.005025181018263365
1913,Latin America,46.767,82202,,0.0005689277633147612
1913,Oceania,17.441,7201,,0.002422024718789057
1913,Asia,325.117,938632,,0.00034637323253415613
1913,Middle East,12.015,39000,,0.00030807692307692307
1913,Africa,57.127,125000,,0.00045701600000000003
1913,World,1641.351,1796080,,0.0009138518328804954
1914,Western Europe,436.236,263630,,0.0016547282175776656
1914,Eastern Europe,166.35,234915,,0.0007081284720005108
1914,North America,496.3,107384,,0.004621731356626685
1914,Latin America,45.589,83223,,0.0005477932783004698
1914,Oceania,18.21,7357,,0.002475193693081419
1914,Asia,328.729,945249,,0.0003477697410946745
1914,Middle East,12.072,39457,,0.0003059533162683427
1914,Africa,56.229,127047,,0.00044258424047793335
1914,World,1559.714,1808262,,0.000862548679339609
1915,Western Europe,423.17,262984,,0.0016091092994250601
1915,Eastern Europe,158.915,234118,,0.0006787816400276784
1915,North America,508.492,108922,,0.004668404913607903
1915,Latin America,44.542,83991,,0.0005303187246252575
1915,Oceania,17.029,7428,,0.002292541733979537
1915,Asia,332.317,951913,,0.0003491043824383111
1915,Middle East,12.386,39919,,0.0003102783135850096
1915,Africa,56.365,129128,,0.0004365048633913636
1915,World,1553.216,1818401,,0.0008541658303091562
1916,Western Europe,442.613,262575,,0.001685663143863658
1916,Eastern Europe,165.421,233330,,0.0007089572708181545
1916,North America,553.951,110365,,0.005019263353418203
1916,Latin America,44.53,84625,,0.0005262038404726736
1916,Oceania,15.938,7439,,0.0021424922704664606
1916,Asia,338.175,958624,,0.0003527712638114631
1916,Middle East,12.176,40386,,0.00030149061555984747
1916,Africa,58.697,131242,,0.0004472424985903903
1916,World,1631.501,1828586,,0.000892219999496879
1917,Western Europe,439.123,262048,,0.0016757349798510197
1917,Eastern Europe,165.008,232551,,0.0007095561833748296
1917,North America,600.92,111877,,0.005371255932854832
1917,Latin America,44.097,85817,,0.0005138492373305989
1917,Oceania,15.949,7455,,0.0021393695506371564
1917,Asia,347.083,965382,,0.0003595291811945945
1917,Middle East,12.56,40859,,0.00030739861474828067
1917,Africa,60.155,133391,,0.0004509674565750313
1917,World,1684.894,1839381,,0.0009160114190589117
1918,Western Europe,420.872,261110,,0.0016118570717322202
1918,Eastern Europe,142.593,231782,,0.000615203078755037
1918,North America,622.6,113106,,0.005504570933460648
1918,Latin America,45.061,87276,,0.0005163045969109491
1918,Oceania,16.308,7566,,0.00215543219666931
1918,Asia,352.498,972188,,0.0003625821343196995
1918,Middle East,12.325,41338,,0.0002981518215685326
1918,Africa,63.843,135576,,0.00047090192954505223
1918,World,1676.1,1849942,,0.0009060284052148661
1919,Western Europe,393.437,262474,,0.0014989560870791012
1919,Eastern Europe,107.637,231021,,0.0004659186827171556
1919,North America,545.746,113784,,0.004796333403641988
1919,Latin America,45.617,88838,,0.0005134852202886152
1919,Oceania,15.685,7792,,0.0020129620123203284
1919,Asia,362.585,979041,,0.00037034710497313184
1919,Middle East,12.544,41822,,0.0002999378317631869
1919,Africa,65.497,137796,,0.0004753185868965717
1919,World,1548.747,1862569,,0.0008315112084438214
1920,Western Europe,421.327,263073,,0.0016015592630182498
1920,Eastern Europe,132.832,230270,,0.0005768532592174404
1920,North America,603.299,115437,,0.005226218630075279
1920,Latin America,47.35,90178,,0.0005250726341236222
1920,Oceania,16.566,8029,,0.002063270643915805
1920,Asia,360.512,985945,,0.000365651228009676
1920,Middle East,13.339,42311,,0.000315260806882371
1920,Africa,67.186,140053,,0.0004797183923229064
1920,World,1662.412,1875297,,0.0008864793150098358
1921,Western Europe,378.491,259633,,0.0014577923453490118
1921,Eastern Europe,132.665,229374,,0.0005783785433396985
1921,North America,519.289,117752,,0.004410022759698349
1921,Latin America,46.857,91874,,0.000510013714434987
1921,Oceania,15.59,8192,,0.001903076171875
1921,Asia,362.705,994909,,0.0003645609799489199
1921,Middle East,13.025,42807,,0.0003042726656855187
1921,Africa,68.608,142346,,0.0004819805263231844
1921,World,1537.23,1886887,,0.0008146910758301902
1922,Western Europe,438.501,260312,,0.0016845208826331479
1922,Eastern Europe,134.508,230259,,0.0005841595768243587
1922,North America,534.722,119403,,0.004478296190212976
1922,Latin America,46.816,93651,,0.0004998985595455468
1922,Oceania,16.097,8361,,0.001925248176055496
1922,Asia,366.734,1003954,,0.0003652896447446795
1922,Middle East,13.183,43308,,0.0003044010344509098
1922,Africa,68.284,144677,,0.00047197550405385797
1922,World,1618.845,1903926,,0.0008502667645696314
1923,Western Europe,424.641,262441,,0.0016180436745782862
1923,Eastern Europe,131.694,232232,,0.000567079472251886
1923,North America,644.164,121397,,0.005306259627503151
1923,Latin America,48.467,95580,,0.0005070830717723373
1923,Oceania,16.251,8534,,0.0019042652917740802
1923,Asia,373.981,1013081,,0.00036915212110384064
1923,Middle East,14.608,43815,,0.00033340180303549014
1923,Africa,70.887,147047,,0.0004820703584568199
1923,World,1724.692,1924127,,0.0008963503968293154
1924,Western Europe,481.86,264497,,0.0018217976007289308
1924,Eastern Europe,138.003,235846,,0.0005851403034183323
1924,North America,614.568,123701,,0.004968173256481354
1924,Latin America,50.369,97545,,0.0005163668050643293
1924,Oceania,16.872,8708,,0.0019375287092328892
1924,Asia,380.441,1022291,,0.00037214550455789985
1924,Middle East,14.337,44329,,0.00032342259017798734
1924,Africa,73.125,149455,,0.0004892777090094009
1924,World,1769.576,1946371,,0.0009091668546232964
1925,Western Europe,476.729,266281,,0.0017903230046454684
1925,Eastern Europe,138.107,240377,,0.0005745433215324262
1925,North America,623.528,125578,,0.0049652646164137035
1925,Latin America,53.682,99415,,0.0005399788764270985
1925,Oceania,17.305,8893,,0.001945912515461599
1925,Asia,384.854,1031585,,0.00037307056616759645
1925,Middle East,14.813,44848,,0.00033029343560470926
1925,Africa,76.341,151902,,0.0005025674447999368
1925,World,1785.359,1968879,,0.0009067895995640158
1926,Western Europe,407.731,268180,,0.0015203631889029756
1926,Eastern Europe,147.546,245107,,0.0006019656721350267
1926,North America,664.677,127308,,0.005221015175794137
1926,Latin America,56.256,101435,,0.0005546014689209839
1926,Oceania,17.373,9073,,0.0019148021602557038
1926,Asia,386.49,1040963,,0.00037128120788154813
1926,Middle East,14.402,45373,,0.00031741343971084126
1926,Africa,78.559,154390,,0.0005088347690912624
1926,World,1773.036,1991829,,0.0008901547271377212
1927,Western Europe,496.6,269778,,0.0018407727835479542
1927,Eastern Europe,160.211,249566,,0.0006419584398515824
1927,North America,649.53,129139,,0.005029696683418641
1927,Latin America,58.403,103460,,0.00056449835685289
1927,Oceania,17.711,9251,,0.0019144957301913306
1927,Asia,385.352,1050427,,0.00036685271798992216
1927,Middle East,16.099,45904,,0.0003507101777622865
1927,Africa,75.956,156918,,0.0004840489937419544
1927,World,1859.863,2014443,,0.0009232641479555391
1928,Western Europe,498.908,271435,,0.0018380385727706449
1928,Eastern Europe,166.121,253696,,0.0006548033867305752
1928,North America,661.526,130806,,0.0050573062397749335
1928,Latin America,60.677,105318,,0.0005761313355741658
1928,Oceania,17.086,9415,,0.0018147636749867233
1928,Asia,398.023,1059977,,0.0003755015439014243
1928,Middle East,15.238,46442,,0.0003281081779423797
1928,Africa,77.643,159488,,0.00048682659510433386
1928,World,1895.222,2036576,,0.0009305923275144164
1929,Western Europe,531.529,273044,,0.0019466789235434582
1929,Eastern Europe,175.979,257413,,0.000683644571175504
1929,North America,698.494,132274,,0.005280659842448252
1929,Latin America,62.444,108119,,0.0005775488119571954
1929,Oceania,16.6,9554,,0.0017374921498848651
1929,Asia,403.536,1069613,,0.0003772729015073676
1929,Middle East,15.485,46986,,0.000329566253777721
1929,Africa,80.216,162100,,0.0004948550277606415
1929,World,1984.284,2059103,,0.0009636642751722474
1930,Western Europe,503.862,274944,,0.0018325986382681566
1930,Eastern Europe,177.966,260586,,0.000682945361608068
1930,North America,662.987,133876,,0.004952246855298933
1930,Latin America,62.134,109497,,0.0005674493365115026
1930,Oceania,15.96,9681,,0.001648590021691974
1930,Asia,406.839,1079338,,0.00037693382425153197
1930,Middle East,15.97,47536,,0.0003359559071019859
1930,Africa,83.523,164754,,0.0005069558250482537
1930,World,1929.242,2080211,,0.0009274261120626705
1931,Western Europe,461.744,276960,,0.0016671865973425766
1931,Eastern Europe,185.744,263444,,0.0007050606580525652
1931,North America,572.207,135010,,0.004238256425449966
1931,Latin America,61.025,111911,,0.0005452993896935958
1931,Oceania,14.941,9792,,0.0015258374183006536
1931,Asia,405.287,1089150,,0.00037211311573245187
1931,Middle East,16.779,48092,,0.00034889378690842554
1931,Africa,79.062,167452,,0.0004721472421947782
1931,World,1796.789,2101812,,0.0008548761735112369
1932,Western Europe,430.376,278536,,0.0015451359967831805
1932,Eastern Europe,183.118,265304,,0.000690219521756174
1932,North America,507.283,135946,,0.0037315036852868053
1932,Latin America,60.892,113931,,0.0005344638421500733
1932,Oceania,14.889,9889,,0.0015056122964910506
1932,Asia,405.832,1099052,,0.0003692564137092694
1932,Middle East,16.473,48656,,0.0003385605064123643
1932,Africa,79.16,170195,,0.0004651135462263874
1932,World,1698.023,2121508,,0.0008003849148813014
1933,Western Europe,437.648,280041,,0.0015627997328962547
1933,Eastern Europe,190.658,266903,,0.000714334421119283
1933,North America,519.633,136813,,0.003798125909087587
1933,Latin America,62.823,115978,,0.0005416803186811292
1933,Oceania,15.192,9987,,0.001521177530790027
1933,Asia,417.091,1109044,,0.00037608156213820193
1933,Middle East,15.867,49225,,0.00032233621127475875
1933,Africa,81.88,172982,,0.0004733440473575285
1933,World,1740.792,2140973,,0.0008130845181139603
1934,Western Europe,464.376,281600,,0.0016490625
1934,Eastern Europe,207.848,268929,,0.0007728731375195684
1934,North America,548.969,137719,,0.003986152963643361
1934,Latin America,64.559,118077,,0.0005467533897372054
1934,Oceania,15.87,10084,,0.0015737802459341531
1934,Asia,421.829,1119126,,0.0003769271735264841
1934,Middle East,18.223,49802,,0.0003659089996385687
1934,Africa,84.859,175815,,0.00048266075135796146
1934,World,1826.533,2161152,,0.0008451663742300402
1935,Western Europe,463.626,283191,,0.0016371494856828076
1935,Eastern Europe,221.074,271021,,0.0008157080078665492
1935,North America,574.984,138704,,0.004145403160687507
1935,Latin America,66.957,120228,,0.0005569168579698572
1935,Oceania,16.825,10179,,0.0016529128598094115
1935,Asia,431.214,1129301,,0.0003818415108106696
1935,Middle East,20.456,50385,,0.00040599384737521085
1935,Africa,87.768,178694,,0.0004911636652601654
1935,World,1882.904,2181702,,0.0008630436237396308
1936,Western Europe,482.589,285055,,0.0016929680237147218
1936,Eastern Europe,238.595,273796,,0.0008714334760186416
1936,North America,634.521,139631,,0.0045442702551725615
1936,Latin America,69.567,122444,,0.0005681536049132665
1936,Oceania,17.586,10276,,0.0017113662903853637
1936,Asia,434.0,1139567,,0.0003808464092063038
1936,Middle East,20.83,50975,,0.00040863168219715544
1936,Africa,90.609,181620,,0.0004988932936901222
1936,World,1988.296,2203365,,0.0009023906615563014
1937,Western Europe,515.649,286667,,0.0017987734897982677
1937,Eastern Europe,248.375,277791,,0.0008941074404858329
1937,North America,669.247,140509,,0.004763018739013159
1937,Latin America,73.076,124715,,0.0005859439522110411
1937,Oceania,18.755,10384,,0.00180614406779661
1937,Asia,436.392,1149928,,0.000379495064038792
1937,Middle East,22.14,51572,,0.00042930272240750795
1937,Africa,96.883,184594,,0.0005248437110631981
1937,World,2080.516,2226159,,0.0009345765509112332
1938,Western Europe,512.987,288560,,0.0017777481286387579
1938,Eastern Europe,251.237,282619,,0.0008889600486874555
1938,North America,595.226,141628,,0.004202742395571497
1938,Latin America,75.083,127009,,0.0005911628309804817
1938,Oceania,18.984,10500,,0.0018080000000000001
1938,Asia,442.096,1160382,,0.00038099177684590077
1938,Middle East,21.783,52176,,0.0004174908003679853
1938,Africa,97.27,187617,,0.0005184498206452507
1938,World,2014.665,2250491,,0.0008952113116648767
1939,Western Europe,524.765,290586,,0.0018058853489156393
1939,Eastern Europe,263.042,287394,,0.0009152661503023723
1939,North America,641.616,142806,,0.004492920465526658
1939,Latin America,75.555,129485,,0.000583503880758389
1939,Oceania,20.338,10627,,0.0019138044603368778
1939,Asia,452.112,1170931,,0.00038611327225942436
1939,Middle East,26.157,52787,,0.0004955197302366112
1939,Africa,98.972,190690,,0.0005190203996014473
1939,World,2102.558,2275307,,0.0009240766191111792
1940,Western Europe,515.72,291467,,0.0017693941338127474
1940,Eastern Europe,313.819,289952,,0.0010823136243240262
1940,North America,701.498,144018,,0.004870905025760669
1940,Latin America,76.966,131760,,0.0005841378263509411
1940,Oceania,19.819,10745,,0.0018444858073522568
1940,Asia,464.621,1181583,,0.0003932190967541002
1940,Middle East,25.43,53405,,0.000476172643010954
1940,Africa,102.103,193813,,0.0005268119269605238
1940,World,2219.977,2296743,,0.0009665761471788528
1941,Western Europe,502.211,291346,,0.0017237614382898685
1941,Eastern Europe,283.744,284821,,0.000996218677695816
1941,North America,774.168,145429,,0.00532333991157197
1941,Latin America,76.537,134602,,0.0005686171082153312
1941,Oceania,21.649,10846,,0.0019960354047575146
1941,Asia,474.869,1195010,,0.0003973765909908704
1941,Middle East,24.449,54031,,0.00045249949103292556
1941,Africa,104.624,196986,,0.0005311240392718264
1941,World,2262.25,2313071,,0.0009780287764621146
1942,Western Europe,507.655,292696,,0.001734410446333397
1942,Eastern Europe,252.817,279961,,0.0009030436382210379
1942,North America,806.199,147040,,0.0054828550054406965
1942,Latin America,76.021,137460,,0.0005530408846209806
1942,Oceania,22.487,10957,,0.0020522953363146844
1942,Asia,480.721,1208589,,0.00039775390972448036
1942,Middle East,24.283,54663,,0.00044423101549494177
1942,Africa,108.824,200212,,0.0005435438435258626
1942,World,2279.007,2331578,,0.00097745260934869
1943,Western Europe,499.973,293065,,0.0017060140241925853
1943,Eastern Europe,275.914,275187,,0.0010026418399124958
1943,North America,870.19,149067,,0.005837576391823811
1943,Latin America,76.915,140651,,0.0005468500046213678
1943,Oceania,22.356,11054,,0.002022435317532115
1943,Asia,477.612,1222322,,0.0003907415558257153
1943,Middle East,26.994,55303,,0.0004881109523895629
1943,Africa,109.883,203491,,0.0005399894835643837
1943,World,2359.835,2350140,,0.0010041252861531654
1944,Western Europe,445.585,293587,,0.0015177272835650078
1944,Eastern Europe,263.542,270733,,0.0009734387754725134
1944,North America,905.786,150883,,0.006003234294121935
1944,Latin America,79.081,143495,,0.0005511063103244016
1944,Oceania,22.423,11189,,0.0020040218071320044
1944,Asia,480.857,1236211,,0.00038897647731657464
1944,Middle East,30.378,55951,,0.0005429393576522314
1944,Africa,113.35,206824,,0.0005480505163810776
1944,World,2341.003,2368872,,0.0009882353288822698
1945,Western Europe,358.602,295617,,0.001213062848212383
1945,Eastern Europe,232.07,270385,,0.0008582946539194111
1945,North America,898.504,152699,,0.005884151173223139
1945,Latin America,82.036,147445,,0.000556383736308454
1945,Oceania,22.264,11420,,0.0019495621716287214
1945,Asia,455.694,1249529,,0.0003646926161777758
1945,Middle East,32.969,56685,,0.0005816177119167328
1945,Africa,117.999,210314,,0.0005610610800992801
1945,World,2200.138,2394093,,0.0009189860210108797
1946,Western Europe,411.736,297661,,0.001383237978774512
1946,Eastern Europe,272.91,270038,,0.0010106355401832336
1946,North America,874.767,154386,,0.005666103144067468
1946,Latin America,88.204,151505,,0.0005821854064222302
1946,Oceania,23.284,11655,,0.0019977691977691977
1946,Asia,442.87,1262989,,0.00035065230180152004
1946,Middle East,36.136,57429,,0.0006292291351059569
1946,Africa,116.713,213863,,0.0005457372242977981
1946,World,2266.621,2419526,,0.0009368037375915779
1947,Western Europe,456.856,299719,,0.001524281076608423
1947,Eastern Europe,291.748,269691,,0.0010817861923460553
1947,North America,936.235,157396,,0.005948276957483036
1947,Latin America,92.743,155676,,0.0005957437241450192
1947,Oceania,24.259,11896,,0.002039256893073302
1947,Asia,473.301,1276595,,0.0003707526662723886
1947,Middle East,37.821,58183,,0.0006500352336593163
1947,Africa,119.251,217472,,0.0005483510520894645
1947,World,2432.214,2446628,,0.0009941086262398697
1948,Western Europe,489.358,301792,,0.0016215075283639063
1948,Eastern Europe,313.667,269344,,0.0011645590768682428
1948,North America,967.458,160186,,0.006039591474910416
1948,Latin America,97.222,159961,,0.0006077856477516394
1948,Oceania,24.805,12141,,0.0020430771765093483
1948,Asia,479.854,1290347,,0.0003718798121745546
1948,Middle East,35.378,58946,,0.0006001764326671869
1948,Africa,126.214,221142,,0.0005707373542791509
1948,World,2533.956,2473860,,0.0010242924013485
1949,Western Europe,514.835,303879,,0.0016942105245837983
1949,Eastern Europe,340.774,268998,,0.001266827262656228
1949,North America,883.483,163380,,0.005407534581956175
1949,Latin America,100.27,164365,,0.0006100447175493565
1949,Oceania,24.98,12392,,0.0020158166559070367
1949,Asia,495.416,1304248,,0.0003798480043672676
1949,Middle East,37.194,59720,,0.000622806430006698
1949,Africa,127.917,224874,,0.0005688385495877692
1949,World,2524.868,2501856,,0.0010091979714260133
1950,Western Europe,525.97,305980,,0.0017189685600366039
1950,Eastern Europe,357.733,268653,,0.0013315801424141924
1950,North America,954.86,166149,,0.005747010213723826
1950,Latin America,109.808,168891,,0.0006501708202331682
1950,Oceania,26.646,12648,,0.0021067362428842506
1950,Asia,510.394,1318300,,0.0003871607373132064
1950,Middle East,31.901,60503,,0.0005272631109201197
1950,Africa,135.597,228670,,0.0005929811518782525
1950,World,2652.909,2529794,,0.0010486660178654864
1951,Western Europe,581.388,307614,,0.0018899920029647546
1951,Eastern Europe,383.408,272668,,0.0014061349333255094
1951,North America,1018.145,169056,,0.006022530995646413
1951,Latin America,114.875,173470,,0.0006622182509944082
1951,Oceania,27.472,12971,,0.0021179554390563567
1951,Asia,548.565,1346675,,0.0004073477268086213
1951,Middle East,35.791,62045,,0.0005768555080989604
1951,Africa,133.537,233277,,0.0005724396318539761
1951,World,2843.181,2577776,,0.0011029589072130395
1952,Western Europe,598.643,309419,,0.001934732514810015
1952,Eastern Europe,407.388,276988,,0.0014707785174809017
1952,North America,1012.146,172184,,0.005878281373414487
1952,Latin America,118.211,178206,,0.0006633390570463396
1952,Oceania,29.083,13276,,0.0021906447725218436
1952,Asia,568.133,1373044,,0.0004137762518899613
1952,Middle East,36.472,63637,,0.0005731256973144555
1952,Africa,137.546,238113,,0.0005776501073019953
1952,World,2907.622,2624866,,0.0011077220703837834
1953,Western Europe,588.774,311318,,0.0018912301890671274
1953,Eastern Europe,431.996,281512,,0.001534556253374634
1953,North America,1036.215,175204,,0.0059143341476222
1953,Latin America,119.689,183079,,0.0006537560288181604
1953,Oceania,28.519,13572,,0.002101311523725317
1953,Asia,592.965,1398327,,0.00042405317211210254
1953,Middle East,38.828,65275,,0.0005948372271160475
1953,Africa,140.68,243178,,0.0005785062793509281
1953,World,2977.667,2671465,,0.0011146195065254458
1954,Western Europe,614.201,313256,,0.001960699874862732
1954,Eastern Europe,459.8,286158,,0.0016068046324058736
1954,North America,1010.187,178491,,0.005659596282165487
1954,Latin America,122.818,188076,,0.0006530232459218614
1954,Oceania,31.292,13871,,0.0022559296373729364
1954,Asia,605.777,1423282,,0.0004256197998710024
1954,Middle East,39.441,66957,,0.0005890496886061204
1954,Africa,146.344,248471,,0.0005889781906137939
1954,World,3029.86,2718563,,0.0011145079220161534
1955,Western Europe,645.875,315210,,0.002049030804860252
1955,Eastern Europe,468.424,290859,,0.0016104848053524216
1955,North America,1102.092,181811,,0.006061745438944839
1955,Latin America,129.517,193194,,0.0006703986666252575
1955,Oceania,33.002,14177,,0.0023278549763701773
1955,Asia,627.578,1448502,,0.0004332600162098499
1955,Middle East,42.574,68683,,0.0006198622657717338
1955,Africa,152.269,253995,,0.0005994960530719108
1955,World,3201.331,2766430,,0.0011572065803219312
1956,Western Europe,676.979,317181,,0.0021343617682017526
1956,Eastern Europe,545.878,295566,,0.0018468903730469676
1956,North America,1146.927,185169,,0.006193947150980995
1956,Latin America,142.239,198438,,0.0007167931545369335
1956,Oceania,33.99,14493,,0.002345270130407783
1956,Asia,664.865,1474410,,0.0004509363067260803
1956,Middle East,47.814,70454,,0.0006786555766883357
1956,Africa,159.495,259750,,0.0006140327237728585
1956,World,3418.188,2815461,,0.001214077552486076
1957,Western Europe,699.678,319198,,0.0021919874184675343
1957,Eastern Europe,593.241,300248,,0.00197583664170952
1957,North America,1147.366,188783,,0.0060776976740490405
1957,Latin America,155.706,203821,,0.0007639350214158501
1957,Oceania,34.797,14819,,0.002348134152102031
1957,Asia,690.586,1501266,,0.00046000242462028716
1957,Middle East,50.405,72274,,0.0006974153914270692
1957,Africa,172.496,265739,,0.000649118119658763
1957,World,3544.275,2866148,,0.0012365987380972652
1958,Western Europe,698.153,321313,,0.002172812802469866
1958,Eastern Europe,638.264,304888,,0.002093437590197056
1958,North America,1141.487,192154,,0.005940480031641288
1958,Latin America,159.527,209363,,0.000761963670753667
1958,Oceania,35.976,15153,,0.002374183330033657
1958,Asia,705.674,1529183,,0.00046147125621982457
1958,Middle East,52.8,74149,,0.0007120797313517376
1958,Africa,173.974,271965,,0.000639692607504642
1958,World,3605.855,2918168,,0.0012356570971924852
1959,Western Europe,697.608,323589,,0.0021558458414841046
1959,Eastern Europe,668.523,309482,,0.002160135322894385
1959,North America,1192.529,195508,,0.0060996429813613764
1959,Latin America,167.09,215088,,0.0007768448263036525
1959,Oceania,37.238,15490,,0.0024040025823111686
1959,Asia,726.186,1558162,,0.0004660529521320633
1959,Middle East,54.34,76087,,0.0007141824490386006
1959,Africa,175.884,278432,,0.0006316946328008274
1959,World,3719.398,2971839,,0.0012515476107554952
1960,Western Europe,708.638,326082,,0.002173189565814734
1960,Eastern Europe,696.954,314026,,0.002219414952901989
1960,North America,1236.715,198740,,0.006222778504578847
1960,Latin America,170.299,221017,,0.0007705244392965247
1960,Oceania,39.706,15825,,0.0025090679304897315
1960,Asia,768.352,1588185,,0.00048379250528118574
1960,Middle East,58.765,78094,,0.0007524905882654238
1960,Africa,183.164,285142,,0.0006423606483787025
1960,World,3862.593,3027112,,0.0012759993683748735
1961,Western Europe,730.049,328811,,0.0022202693948803415
1961,Eastern Europe,726.817,318510,,0.0022819283538978367
1961,North America,1253.483,202131,,0.006201339725227698
1961,Latin America,176.39,227158,,0.0007765079812289243
1961,Oceania,41.183,16158,,0.0025487684119321697
1961,Asia,803.669,1619315,,0.0004963018313299142
1961,Middle East,60.773,80176,,0.0007579949111953702
1961,Africa,185.3,292100,,0.0006343717904827114
1961,World,3977.664,3084358,,0.0012896246155601912
1962,Western Europe,780.466,331735,,0.0023526790962665983
1962,Eastern Europe,775.094,322904,,0.0024003852538215693
1962,North America,1309.881,205326,,0.006379518424359312
1962,Latin America,183.273,233499,,0.0007848984363958732
1962,Oceania,40.746,16490,,0.002470952092177077
1962,Asia,825.038,1651784,,0.0004994829832472042
1962,Middle East,63.104,82333,,0.0007664484471597051
1962,Africa,188.589,299309,,0.0006300812872315901
1962,World,4166.192,3143380,,0.0013253860494117796
1963,Western Europe,824.211,334747,,0.0024621908486110408
1963,Eastern Europe,825.01,327158,,0.0025217479016255142
1963,North America,1360.978,208381,,0.006531200061425946
1963,Latin America,185.373,240004,,0.0007723746270895485
1963,Oceania,44.364,16830,,0.002636007130124777
1963,Asia,858.473,1686032,,0.000509167678905264
1963,Middle East,66.28,84565,,0.0007837757937681074
1963,Africa,191.101,306772,,0.0006229414679305804
1963,World,4355.791,3204489,,0.0013592778755052678
1964,Western Europe,863.346,337699,,0.0025565548017613317
1964,Eastern Europe,833.74,331212,,0.0025172397135369493
1964,North America,1419.571,211391,,0.006715380503427298
1964,Latin America,191.397,246626,,0.000776061729095878
1964,Oceania,47.221,17188,,0.0027473237142192227
1964,Asia,890.712,1722601,,0.00051707389000703
1964,Middle East,69.526,86865,,0.000800391411961089
1964,Africa,203.763,314491,,0.0006479136127901912
1964,World,4519.276,3268074,,0.0013828560797582918
1965,Western Europe,891.209,340483,,0.0026174845733854552
1965,Eastern Europe,855.112,335028,,0.002552359802762754
1965,North America,1480.547,214161,,0.0069132428406666014
1965,Latin America,193.713,253328,,0.0007646726773195225
1965,Oceania,48.925,17571,,0.002784417506118035
1965,Asia,924.951,1761816,,0.0005249986377692109
1965,Middle East,70.81,89234,,0.0007935316135105453
1965,Africa,214.746,322471,,0.0006659389526500058
1965,World,4680.013,3334092,,0.0014036844214256835
1966,Western Europe,909.184,343051,,0.0026502881495754273
1966,Eastern Europe,896.244,338580,,0.0026470671628566365
1966,North America,1562.738,216792,,0.007208467102107089
1966,Latin America,203.232,260095,,0.000781376035679271
1966,Oceania,51.06,17983,,0.002839348273369293
1966,Asia,974.164,1803843,,0.0005400492171436206
1966,Middle East,77.686,91673,,0.0008474250869939896
1966,Africa,218.465,330720,,0.0006605738993710692
1966,World,4892.774,3402738,,0.0014378932494949657
1967,Western Europe,938.581,345426,,0.0027171695240080364
1967,Eastern Europe,936.209,341894,,0.0027383019298379027
1967,North America,1613.022,219309,,0.007355019629837352
1967,Latin America,207.807,266935,,0.0007784928915279
1967,Oceania,53.404,18417,,0.002899712222403215
1967,Asia,1002.553,1848407,,0.0005423875802244852
1967,Middle East,77.506,94191,,0.0008228599335392978
1967,Africa,219.853,339248,,0.0006480598264396548
1967,World,5048.935,3473827,,0.001453421543444737
1968,Western Europe,991.041,347650,,0.0028506860348051204
1968,Eastern Europe,966.773,345036,,0.002801948202506405
1968,North America,1709.32,221628,,0.007712563394516938
1968,Latin America,217.948,273856,,0.0007958489132974994
1968,Oceania,55.724,18862,,0.002954299650090128
1968,Asia,1046.512,1894841,,0.0005522954168713891
1968,Middle East,83.112,96796,,0.0008586305219223934
1968,Africa,227.493,348050,,0.0006536216060910789
1968,World,5297.921,3546719,,0.001493752676769713
1969,Western Europe,1047.891,349796,,0.002995720362725703
1969,Eastern Europe,1010.961,348104,,0.0029041924252522235
1969,North America,1795.759,223902,,0.008020290126930531
1969,Latin America,226.701,280878,,0.0008071155448272915
1969,Oceania,57.681,19300,,0.0029886528497409326
1969,Asia,1139.347,1942208,,0.0005866246045737634
1969,Middle East,86.907,99503,,0.0008734108519341125
1969,Africa,227.618,357120,,0.0006373711917562724
1969,World,5592.866,3620809,,0.0015446454093546497
1970,Western Europe,1113.864,351914,,0.003165159669692027
1970,Eastern Europe,1059.804,351170,,0.0030179229433038132
1970,North America,1862.471,226575,,0.008220108131965134
1970,Latin America,233.749,288013,,0.0008115918378684295
1970,Oceania,62.414,19718,,0.0031653311694898063
1970,Asia,1238.02,1989773,,0.0006221915766270826
1970,Middle East,92.122,102321,,0.0009003234917563355
1970,Africa,239.841,366459,,0.000654482493266641
1970,World,5902.285,3695944,,0.0015969627786568195
1971,Western Europe,1150.42,354017,,0.003249617956199844
1971,Eastern Europe,1109.245,354257,,0.003131187245417874
1971,North America,1904.474,229458,,0.008299880588168641
1971,Latin America,242.211,295261,,0.0008203284551633978
1971,Oceania,64.542,20114,,0.0032088097842298898
1971,Asia,1320.12,2037374,,0.0006479517260944725
1971,Middle East,99.089,105261,,0.0009413647979783585
1971,Africa,251.54,376067,,0.000668870174729503
1971,World,6141.642,3771809,,0.0016283014330789284
1972,Western Europe,1196.655,356073,,0.0033607013168648002
1972,Eastern Europe,1160.055,357356,,0.0032462166578985665
1972,North America,2003.424,231930,,0.00863805458543526
1972,Latin America,255.922,302613,,0.0008457072234173681
1972,Oceania,67.391,20490,,0.003288970229380186
1972,Asia,1371.255,2085033,,0.0006576658498930233
1972,Middle East,103.559,108326,,0.0009559939442054539
1972,Africa,258.871,385965,,0.000670711074838392
1972,World,6417.132,3847786,,0.0016677465950549223
1973,Western Europe,1266.859,358042,,0.003538297183012049
1973,Eastern Europe,1216.255,360470,,0.0033740810608372408
1973,North America,2088.669,234186,,0.008918846557864261
1973,Latin America,272.477,310058,,0.0008787936450599564
1973,Oceania,71.545,20846,,0.003432073299433944
1973,Asia,1446.589,2132442,,0.0006783720260621391
1973,Middle East,114.589,111523,,0.001027492086834106
1973,Africa,269.811,396199,,0.0006809986900522211
1973,World,6746.795,3923766,,0.0017194692547924622
1974,Western Europe,1235.486,359865,,0.003433193002931655
1974,Eastern Europe,1267.461,363591,,0.0034859526225896682
1974,North America,2035.852,236454,,0.008609928358158459
1974,Latin America,287.092,317584,,0.0009039876064285354
1974,Oceania,74.992,21184,,0.0035400302114803627
1974,Asia,1464.559,2179293,,0.0006720340036883521
1974,Middle East,122.417,114854,,0.0010658488167586675
1974,Africa,279.44,406828,,0.0006868750430157216
1974,World,6767.298,3999654,,0.001691970855478999
1975,Western Europe,1210.42,361500,,0.003348326417704011
1975,Eastern Europe,1330.403,366715,,0.0036278935958441844
1975,North America,2003.012,238909,,0.008383995579906994
1975,Latin America,293.268,325181,,0.0009018608098259123
1975,Oceania,75.78,21507,,0.0035235039754498536
1975,Asia,1506.018,2225401,,0.0006767400571851994
1975,Middle East,127.449,118326,,0.0010771005527103088
1975,Africa,293.407,417898,,0.0007021019483223178
1975,World,6839.756,4075437,,0.0016782877517184048
1976,Western Europe,1277.559,362944,,0.003519989309645565
1976,Eastern Europe,1385.208,369845,,0.0037453744136056997
1976,North America,2107.273,241269,,0.00873412249397975
1976,Latin America,308.44,332840,,0.0009266915034250691
1976,Oceania,79.017,21812,,0.003622638914359068
1976,Asia,1556.792,2270595,,0.0006856317396981848
1976,Middle East,138.853,121930,,0.0011387927499384894
1976,Africa,306.9,429425,,0.0007146766024334866
1976,World,7160.041,4150660,,0.001725036741144782
1977,Western Europe,1272.711,364217,,0.0034943756057515163
1977,Eastern Europe,1443.773,372988,,0.0038708296245455616
1977,North America,2171.505,243740,,0.008909103963239517
1977,Latin America,323.679,340560,,0.0009504316420014093
1977,Oceania,82.796,22102,,0.0037460863270292284
1977,Asia,1610.085,2314988,,0.000695504685121478
1977,Middle East,151.803,125672,,0.0012079301674199504
1977,Africa,316.817,441404,,0.0007177483665757447
1977,World,7373.17,4225672,,0.0017448514697780615
1978,Western Europe,1312.235,365342,,0.003591798917178972
1978,Eastern Europe,1501.562,376138,,0.003992050789869675
1978,North America,2221.962,246795,,0.009003269920379262
1978,Latin America,344.571,348351,,0.0009891488757029548
1978,Oceania,84.257,22388,,0.003763489369304985
1978,Asia,1683.651,2359059,,0.0007136960118420099
1978,Middle East,155.706,129593,,0.0012015000810228947
1978,Africa,325.384,453835,,0.0007169654169466878
1978,World,7629.327,4301501,,0.0017736429678849315
1979,Western Europe,1354.451,366351,,0.0036971401743137048
1979,Eastern Europe,1539.444,379292,,0.004058730476783059
1979,North America,2258.61,249506,,0.009052327398940307
1979,Latin America,365.624,356224,,0.0010263878907653611
1979,Oceania,86.658,22685,,0.003820057306590258
1979,Asia,1744.68,2403493,,0.000725893522469173
1979,Middle East,170.294,133746,,0.0012732642471550552
1979,Africa,344.598,466707,,0.0007383604702736406
1979,World,7864.359,4378004,,0.001796334356935261
1980,Western Europe,1345.93,367275,,0.003664638213872439
1980,Eastern Europe,1572.133,382440,,0.004110796464804937
1980,North America,2189.336,252495,,0.00867080932295689
1980,Latin America,382.308,364185,,0.0010497631698175379
1980,Oceania,87.056,23005,,0.00378422082156053
1980,Asia,1742.961,2448821,,0.0007117551670783614
1980,Middle East,161.966,138161,,0.0011722989845180623
1980,Africa,356.106,480012,,0.0007418689532761681
1980,World,7837.796,4456394,,0.0017587753686051997
1981,Western Europe,1307.385,368120,,0.003551518526567424
1981,Eastern Europe,1585.566,385557,,0.004112403613473494
1981,North America,2132.966,255041,,0.00836322787316549
1981,Latin America,388.309,372237,,0.0010431767932795504
1981,Oceania,88.167,23352,,0.0037755652620760534
1981,Asia,1757.442,2495041,,0.0007043739962589793
1981,Middle East,171.703,142847,,0.001202006342450314
1981,Africa,384.72,493748,,0.0007791829030193541
1981,World,7816.259,4535942,,0.0017231831888502983
1982,Western Europe,1278.417,368901,,0.0034654744768921743
1982,Eastern Europe,1620.188,388629,,0.0041689837865933835
1982,North America,2052.71,257563,,0.007969739442388853
1982,Latin America,395.928,380367,,0.001040910489080283
1982,Oceania,88.251,23722,,0.003720217519602057
1982,Asia,1780.405,2542085,,0.0007003719387825348
1982,Middle East,186.533,147771,,0.0012623112789383573
1982,Africa,402.645,507910,,0.0007927487153235809
1982,World,7805.078,4616948,,0.0016905275952858903
1983,Western Europe,1284.051,369663,,0.003473571874923917
1983,Eastern Europe,1646.601,391673,,0.004204019679681776
1983,North America,2066.733,259934,,0.00795099140551063
1983,Latin America,396.75,388551,,0.001021101477026182
1983,Oceania,85.939,24113,,0.0035640111143366644
1983,Asia,1836.971,2590313,,0.0007091695096306894
1983,Middle East,203.311,152871,,0.0013299513969294372
1983,Africa,418.17,522486,,0.0008003468035507171
1983,World,7938.526,4699604,,0.0016891904083833446
1984,Western Europe,1293.617,370464,,0.00349188315193919
1984,Eastern Europe,1704.954,394718,,0.004319422980456933
1984,North America,2171.752,262218,,0.008282238442822384
1984,Latin America,410.896,396755,,0.0010356416428274377
1984,Oceania,89.229,24518,,0.003639326209315605
1984,Asia,1936.878,2640146,,0.0007336253373866445
1984,Middle East,223.653,158063,,0.0014149611230964867
1984,Africa,431.055,537454,,0.0008020314296665389
1984,World,8262.034,4784334,,0.0017268932311163894
1985,Western Europe,1361.348,371346,,0.0036659826684547563
1985,Eastern Europe,1722.584,397767,,0.004330635774209525
1985,North America,2157.855,264573,,0.008155990974135684
1985,Latin America,423.93,404954,,0.0010468596433175126
1985,Oceania,91.6,24929,,0.003674435396526134
1985,Asia,2006.343,2691792,,0.0007453558818809181
1985,Middle East,235.052,163275,,0.001439608023273618
1985,Africa,444.591,552796,,0.0008042587138836026
1985,World,8443.303,4871434,,0.00173322742338293
1986,Western Europe,1398.447,372324,,0.0037559947787410963
1986,Eastern Europe,1754.464,400838,,0.004376990205519436
1986,North America,2164.584,267019,,0.008106479314206105
1986,Latin America,438.38,413133,,0.0010611110707689775
1986,Oceania,94.171,25348,,0.0037151254536847093
1986,Asia,2072.279,2745457,,0.0007548029344477076
1986,Middle East,241.574,168496,,0.0014337076251068276
1986,Africa,455.717,568506,,0.0008016045565042409
1986,World,8619.615,4961120,,0.001737433281194569
1987,Western Europe,1401.29,373394,,0.0037528455197458985
1987,Eastern Europe,1802.759,403877,,0.0044636337300712845
1987,North America,2234.498,269522,,0.008290595943930366
1987,Latin America,448.895,421293,,0.0010655173477840836
1987,Oceania,96.399,25775,,0.0037400193986420953
1987,Asia,2174.259,2800813,,0.0007762956684362719
1987,Middle East,260.894,173717,,0.0015018334417472095
1987,Africa,466.792,584569,,0.0007985233565242084
1987,World,8885.786,5052960,,0.001758530841328647
1988,Western Europe,1418.791,374565,,0.003787836557072871
1988,Eastern Europe,1824.933,406719,,0.004486962743319098
1988,North America,2340.53,272089,,0.008602075056323483
1988,Latin America,460.869,429447,,0.0010731685167203403
1988,Oceania,100.649,26207,,0.0038405387873468922
1988,Asia,2290.158,2856866,,0.000801632978235591
1988,Middle East,273.46,178884,,0.0015287001632342746
1988,Africa,490.978,600957,,0.0008169935619353798
1988,World,9200.368,5145733,,0.0017879606267950554
1989,Western Europe,1424.28,375840,,0.0037895913154533845
1989,Eastern Europe,1814.169,409150,,0.004433994867408041
1989,North America,2397.754,274898,,0.00872234064998654
1989,Latin America,468.608,437617,,0.0010708176327702077
1989,Oceania,105.35,26640,,0.003954579579579579
1989,Asia,2391.244,2912259,,0.0008210959258774718
1989,Middle East,283.831,183933,,0.001543121680177021
1989,Africa,493.341,617632,,0.0007987620460079788
1989,World,9378.578,5237968,,0.00179049929285555
1990,Western Europe,1438.705,377214,,0.0038140286415668558
1990,Eastern Europe,1794.407,411019,,0.004365751948206774
1990,North America,2390.942,278107,,0.00859720179643087
1990,Latin America,489.172,445815,,0.0010972533449973645
1990,Oceania,107.969,27071,,0.003988363931882826
1990,Asia,2457.29,2965984,,0.0008284906459374022
1990,Middle East,304.252,188823,,0.001611307944477103
1990,Africa,504.312,634567,,0.0007947340469958255
1990,World,9487.048,5328602,,0.001780400938182285
1991,Western Europe,1468.79,378716,,0.0038783415540933047
1991,Eastern Europe,1724.888,412273,,0.004183849051478025
1991,North America,2387.641,281805,,0.008472670818473768
1991,Latin America,488.165,454042,,0.00107515384039362
1991,Oceania,107.484,27501,,0.003908366968473873
1991,Asia,2543.898,3017694,,0.0008429940212625933
1991,Middle East,312.238,193523,,0.0016134412963833757
1991,Africa,507.927,651763,,0.0007793124187779914
1991,World,9541.031,5417317,,0.0017612096541516772
1992,Western Europe,1464.108,380332,,0.003849552496240127
1992,Eastern Europe,1605.687,412962,,0.0038882197393464773
1992,North America,2425.708,285546,,0.008494981544129492
1992,Latin America,505.22,462279,,0.0010928897916626108
1992,Oceania,108.789,27929,,0.003895198539152852
1992,Asia,2650.224,3067558,,0.0008639523686267709
1992,Middle East,334.08,198051,,0.0016868382386355028
1992,Africa,516.992,669221,,0.0007725280587429264
1992,World,9610.807,5503880,,0.0017461875985668293
1993,Western Europe,1463.296,381976,,0.003830858483255493
1993,Eastern Europe,1490.63,413168,,0.0036078060256360613
1993,North America,2481.212,289226,,0.008578799969573966
1993,Latin America,513.926,470499,,0.0010922998773642452
1993,Oceania,110.728,28353,,0.0039053362959827883
1993,Asia,2757.13,3115740,,0.0008849037467824659
1993,Middle East,344.922,202480,,0.0017034867641248519
1993,Africa,521.951,686917,,0.000759845803787066
1993,World,9683.797,5588359,,0.0017328516296107677
1994,Western Europe,1464.495,383529,,0.0038184726578694176
1994,Eastern Europe,1359.305,413018,,0.0032911519594787638
1994,North America,2532.598,292727,,0.00865174035876431
1994,Latin America,541.933,478668,,0.0011321688518973485
1994,Oceania,114.618,28772,,0.0039836646739886
1994,Asia,2886.262,3162600,,0.0009126231581610069
1994,Middle East,380.041,206913,,0.0018367188141876053
1994,Africa,539.134,704821,,0.0007649232925806695
1994,World,9818.386,5671048,,0.0017313177388024225
1995,Western Europe,1492.706,384913,,0.0038780347766897974
1995,Eastern Europe,1313.504,412621,,0.0031833183478300908
1995,North America,2581.496,296155,,0.008716705779068393
1995,Latin America,557.637,486755,,0.0011456215139032983
1995,Oceania,119.765,29185,,0.004103649134829536
1995,Asia,2987.825,3208430,,0.000931242071667451
1995,Middle East,390.544,211426,,0.001847190033392298
1995,Africa,561.601,722922,,0.0007768486780039893
1995,World,10005.076,5752408,,0.001739284835150775
1996,Western Europe,1541.661,386083,,0.003993081798473385
1996,Eastern Europe,1293.344,412005,,0.0031391463695828936
1996,North America,2669.012,299577,,0.00890926873558384
1996,Latin America,575.47,494759,,0.0011631319490903653
1996,Oceania,123.159,29593,,0.004161761227317271
1996,Asia,3098.528,3253187,,0.0009524592345905722
1996,Middle East,415.109,216059,,0.0019212761329081408
1996,Africa,575.729,741221,,0.0007767305567435354
1996,World,10292.011,5832484,,0.001764601668860129
1997,Western Europe,1538.87,387083,,0.003975555630187841
1997,Eastern Europe,1238.746,411180,,0.0030126611216498857
1997,North America,2687.63,303122,,0.008866495998310912
1997,Latin America,599.676,502678,,0.0011929624928880916
1997,Oceania,126.371,29997,,0.004212787945461213
1997,Asia,3144.72,3296803,,0.0009538695518051882
1997,Middle East,433.764,220798,,0.001964528664208915
1997,Africa,588.036,759753,,0.0007739831234624937
1997,World,10357.813,5911415,,0.0017521715190017956
1998,Western Europe,1561.065,388043,,0.004022917563259742
1998,Eastern Europe,1220.261,410215,,0.0029746864449130333
1998,North America,2683.202,306579,,0.008752073690631126
1998,Latin America,620.596,510489,,0.001215689270483791
1998,Oceania,129.01,30401,,0.0042436104075523826
1998,Asia,3147.288,3339543,,0.0009424307457637168
1998,Middle East,438.415,225607,,0.0019432686042543006
1998,Africa,595.114,778592,,0.0007643464099297194
1998,World,10394.95,5989470,,0.0017355375350406631
1999,Western Europe,1567.492,389145,,0.004028040961595292
1999,Eastern Europe,1207.417,409185,,0.0029507850972054204
1999,North America,2726.056,310008,,0.008793502103171532
1999,Latin America,624.32,518163,,0.001204871826047016
1999,Oceania,131.207,30811,,0.004258446658660868
1999,Asia,3234.404,3381745,,0.0009564304818961808
1999,Middle East,444.37,230431,,0.0019284297685641255
1999,Africa,612.191,797836,,0.0007673143352769241
1999,World,10547.457,6067325,,0.001738403167788111
2000,Western Europe,1586.98,390517,,0.004063792357310949
2000,Eastern Europe,1213.573,408158,,0.0029732922054694507
2000,North America,2787.252,313341,,0.008895267456221816
2000,Latin America,641.948,525686,,0.001221162442979269
2000,Oceania,132.97,31229,,0.004257901309680105
2000,Asia,3327.701,3423661,,0.0009719715240498403
2000,Middle East,471.414,235236,,0.0020040044891088096
2000,Africa,621.644,817566,,0.0007603594082924192
2000,World,10783.484,6145394,,0.0017547262225985837
2001,Western Europe,1620.496,392191,,0.004131905117659508
2001,Eastern Europe,1230.482,407166,,0.003022064710707672
2001,North America,2719.778,316361,,0.008597071067546251
2001,Latin America,641.728,533042,,0.0012038976290798848
2001,Oceania,134.147,31657,,0.004237514609722968
2001,Asia,3404.62,3465426,,0.0009824535280799531
2001,Middle East,487.619,239997,,0.0020317712304737143
2001,Africa,637.37,837821,,0.0007607472240490511
2001,World,10876.24,6223661,,0.0017475630501082883
2002,Western Europe,1619.916,394116,,0.00411025180403739
2002,Eastern Europe,1231.784,406240,,0.0030321583300512017
2002,North America,2764.741,319367,,0.008656940134703962
2002,Latin America,651.543,540245,,0.0012060139381206674
2002,Oceania,136.612,32094,,0.004256621175297563
2002,Asia,3557.373,3507017,,0.0010143586415463626
2002,Middle East,513.672,244751,,0.0020987534269522904
2002,Africa,646.465,858623,,0.0007529090182769388
2002,World,11122.106,6302453,,0.0017647265279090538
2003,Western Europe,1654.857,396235,,0.0041764533673198986
2003,Eastern Europe,1257.453,405427,,0.0031015521906533113
2003,North America,2782.087,322341,,0.008630881581927213
2003,Latin America,657.378,547350,,0.0012010194573855851
2003,Oceania,137.783,32552,,0.004232704595723765
2003,Asia,3829.415,3548330,,0.0010792161382960435
2003,Middle East,529.835,249606,,0.002122685352114933
2003,Africa,679.943,880017,,0.0007726475738536869
2003,World,11528.749,6381858,,0.0018064878598050911
2004,Western Europe,1681.655,398456,,0.004220428353444295
2004,Eastern Europe,1269.32,404780,,0.0031358268689164483
2004,North America,2840.56,325342,,0.008730996920164012
2004,Latin America,687.865,554433,,0.001240663885446934
2004,Oceania,141.805,33040,,0.004291918886198547
2004,Asia,4158.347,3589182,,0.0011585779155250417
2004,Middle East,572.215,254706,,0.0022465705558565563
2004,Africa,711.356,902049,,0.0007886001758219342
2004,World,12063.122,6461988,,0.001866781863414169
2005,Western Europe,1687.539,400700,,0.004211477414524582
2005,Eastern Europe,1278.061,404333,,0.0031609119216091685
2005,North America,2855.406,328362,,0.00869590878359859
2005,Latin America,712.861,561548,,0.0012694569297726998
2005,Oceania,142.602,33568,,0.004248153002859867
2005,Asia,4464.72,3629452,,0.001230136119722757
2005,Middle East,598.397,260146,,0.002300235252512051
2005,Africa,727.087,924758,,0.0007862456988747326
2005,World,12466.673,6542867,,0.0019053838325003398
2006,Western Europe,1690.41,402968,,0.004194898850529074
2006,Eastern Europe,1316.192,404109,,0.0032570222390493654
2006,North America,2842.49,331399,,0.008577243745454873
2006,Latin America,740.673,568711,,0.0013023715032767082
2006,Oceania,148.658,34138,,0.004354619485617201
2006,Asia,4704.932,3669091,,0.0012823154290803906
2006,Middle East,639.385,265966,,0.002404010287029169
2006,Africa,746.932,948156,,0.0007877733200021938
2006,World,12829.672,6624538,,0.0019366893208250901
2007,Western Europe,1667.907,405254,,0.004115707679628085
2007,Eastern Europe,1322.994,404104,,0.003273894838952349
2007,North America,2899.412,334450,,0.008669194199431903
2007,Latin America,774.583,575906,,0.0013449816463103354
2007,Oceania,152.008,34747,,0.004374708607937376
2007,Asia,4984.678,3708181,,0.0013442380509473511
2007,Middle East,678.754,272109,,0.0024944195157087785
2007,Africa,759.72,972266,,0.0007813911007892902
2007,World,13240.056,6707018,,0.0019740600069956577
2008,Western Europe,1663.539,407469,,0.0040826148737695385
2008,Eastern Europe,1323.256,404301,,0.0032729476306019526
2008,North America,2847.58,337267,,0.00844310294217934
2008,Latin America,802.469,583116,,0.0013761738659203316
2008,Oceania,154.069,35380,,0.004354691916336913
2008,Asia,5095.366,3746887,,0.0013598931593079803
2008,Middle East,714.469,278461,,0.0025657776133821255
2008,Africa,806.862,997145,,0.0008091721865927222
2008,World,13407.61,6790025,,0.00197460392266597
2009,Western Europe,1587.699,409504,,0.0038771269633507857
2009,Eastern Europe,1248.808,404668,,0.0030860063064042623
2009,North America,2718.781,341084,,0.007971001278277491
2009,Latin America,799.548,590307,,0.0013544613226676965
2009,Oceania,151.152,36014,,0.004197034486588549
2009,Asia,5224.317,3785433,,0.0013801108089880338
2009,Middle East,735.836,284855,,0.0025831949588387072
2009,Africa,805.503,1022859,,0.000787501503139729
2009,World,13271.645,6874725,,0.0019304983108415247
2010,Western Europe,1636.826,411287,,0.003979765954187709
2010,Eastern Europe,1299.65,405174,,0.0032076342509637836
2010,North America,2818.871,344295,,0.008187371294965074
2010,Latin America,840.83,597455,,0.0014073528550267384
2010,Oceania,154.318,36636,,0.00421219565454744
2010,Asia,5419.728,3823963,,0.0014173066005084254
2010,Middle East,776.343,291164,,0.0026663426797268893
2010,Africa,836.572,1049446,,0.0007971558326964894
2010,World,13783.138,6959421,,0.001980500676708594
2011,Western Europe,1595.35,412770,,0.0038649853429270535
2011,Eastern Europe,1342.539,405813,,0.003308270065276371
2011,North America,2817.017,347080,,0.008116333410164803
2011,Latin America,864.656,604556,,0.0014302330966858322
2011,Oceania,157.977,37238,,0.004242359954884796
2011,Asia,5699.985,3862526,,0.0014757143382335808
2011,Middle East,815.54,297349,,0.00274270301901133
2011,Africa,854.474,1076934,,0.0007934320951887489
2011,World,14147.538,7044266,,0.002008376458242775
2012,Western Europe,1604.071,413978,,0.003874773538690462
2012,Eastern Europe,1340.639,406573,,0.0032974127647433546
2012,North America,2824.79,349900,,0.008073135181480423
2012,Latin America,893.867,611608,,0.001461503119645263
2012,Oceania,157.262,37824,,0.00415773054145516
2012,Asia,5875.325,3901016,,0.0015061012310639075
2012,Middle East,846.057,303426,,0.002788347076387653
2012,Africa,875.306,1105285,,0.0007919278738063034
2012,World,14417.316,7129609,,0.002022174848578653
2013,Western Europe,1597.481,415002,,0.0038493332562252714
2013,Eastern Europe,1311.929,407399,,0.0032202558180064265
2013,North America,2881.724,352644,,0.00817176529304341
2013,Latin America,920.8,618594,,0.0014885369078911207
2013,Oceania,159.252,38399,,0.004147295502487044
2013,Asia,6038.738,3939225,,0.0015329761564774798
2013,Middle East,859.998,309387,,0.0027796836971172027
2013,Africa,911.247,1134398,,0.0008032868534676541
2013,World,14681.169,7215047,,0.00203479880311244
2014,Western Europe,1543.472,415977,,0.0037104743771891233
2014,Eastern Europe,1302.359,408227,,0.003190281387561332
2014,North America,2925.59,355348,,0.008233027905039568
2014,Latin America,933.414,625489,,0.0014922948285261612
2014,Oceania,162.591,38970,,0.004172209391839877
2014,Asia,6163.197,3976864,,0.0015497630796527113
2014,Middle East,904.716,315243,,0.00286990036257744
2014,Africa,936.828,1164130,,0.0008047451745080016
2014,World,14872.166,7300248,,0.0020372138042433624
2015,Western Europe,1569.626,417001,,0.0037640821005225406
2015,Eastern Europe,1281.109,409003,,0.003132272868414168
2015,North America,2937.643,357980,,0.008206165148891
2015,Latin America,955.592,632276,,0.0015113526371394771
2015,Oceania,166.469,39543,,0.004209822218850365
2015,Asia,6256.833,4013708,,0.0015588660161626106
2015,Middle East,932.727,320998,,0.0029057096928952826
2015,Africa,940.701,1194370,,0.0007876127163274362
2015,World,15040.7,7384880,,0.002036688476996241
2016,Western Europe,1573.072,418107,,0.0037623670495830013
2016,Eastern Europe,1297.382,409704,,0.0031666324956554004
2016,North America,2943.552,360802,,0.008158358323956076
2016,Latin America,947.992,638944,,0.0014836855812089948
2016,Oceania,167.077,40117,,0.004164743126355411
2016,Asia,6386.445,4049674,,0.0015770269409340109
2016,Middle East,971.104,326640,,0.002973010041636052
2016,Africa,957.058,1225081,,0.0007812201805431641
2016,World,15243.684,7469068,,0.002040908450692911
2017,Western Europe,1598.798,419261,,0.003813371622927007
2017,Eastern Europe,1310.462,410323,,0.0031937327422542727
2017,North America,2917.853,361444,,0.008072766458981197
2017,Latin America,961.286,645488,,0.001489239149294797
2017,Oceania,167.618,40691,,0.004119289277727261
2017,Asia,6592.28,4084766,,0.001613869680662246
2017,Middle East,999.402,332152,,0.0030088694332715145
2017,Africa,970.901,1256268,,0.0007728454438065763
2017,World,15518.6,7550393,,0.002055336722207705
2018,Western Europe,1593.056,420421,,0.003789192262042096
2018,Eastern Europe,1357.431,410852,,0.0033039415653325285
2018,North America,3031.004,364085,,0.00832499004353379
2018,Latin America,963.119,651907,,0.001477387111965357
2018,Oceania,168.423,41261,,0.004081893313298272
2018,Asia,6850.773,4118962,,0.0016632280171557786
2018,Middle East,1013.636,337545,,0.0030029655305218563
2018,Africa,990.521,1287921,,0.0007690852156304618
2018,World,15967.964,7632955,,0.0020919766984084146
2019,Western Europe,1576.912,421520,,0.0037410134750427027
2019,Eastern Europe,1340.608,411292,,0.0032595041965319043
2019,North America,3056.986,366602,,0.008338705189824387
2019,Latin America,959.615,658201,,0.0014579361015859898
2019,Oceania,175.081,41826,,0.004185936976999952
2019,Asia,7027.271,4152264,,0.001692395040392422
2019,Middle East,1039.349,342834,,0.0030316392189806145
2019,Africa,1011.28,1320039,,0.0007660985773905165
2019,World,16187.102,7714577,,0.0020982488087162784
2020,Western Europe,1465.724,422508,,0.0034691035436015412
2020,Eastern Europe,1278.916,411640,,0.003106879797881644
2020,North America,2957.689,369263,,0.00800970852752645
2020,Latin America,891.033,664369,,0.0013411718487768092
2020,Oceania,166.89,42384,,0.003937570781426953
2020,Asia,7022.988,4184664,,0.0016782680760032346
2020,Middle East,1029.95,348032,,0.00295935431224715
2020,Africa,991.327,1352622,,0.000732892855505825
2020,World,15804.517,7795482,,0.002027394457456255
